trace_tag	input	function	analysis	requested_method	executed_method	requested_order	executed_order	status	fallback	used_adt	elapsed_us	peak_rss_kb	cfg_blocks	cfg_insts	cfg_edges	expr_total_unique_nodes	expr_total_shared_refs	expr_total_union_count	expr_total_concat_count	expr_total_star_count	expr_max_nodes	expr_max_depth	star_iterations_total	max_star_hit
benchmarks/spec2006/400.perlbench.bc:liveness:Perl_av_reify	benchmarks/spec2006/400.perlbench.bc	Perl_av_reify	liveness	adt-delayed	adt-delayed	original	original	ok	none	1	2644	370972	17	121	22	0	0	0	0	0	0	0	28	0
benchmarks/spec2006/400.perlbench.bc:liveness:Perl_av_extend	benchmarks/spec2006/400.perlbench.bc	Perl_av_extend	liveness	adt-delayed	adt-delayed	original	original	ok	none	1	9503	370972	62	593	87	0	0	0	0	0	0	0	20	0
benchmarks/spec2006/400.perlbench.bc:liveness:Perl_av_fetch	benchmarks/spec2006/400.perlbench.bc	Perl_av_fetch	liveness	adt-delayed	adt-delayed	original	original	ok	none	1	4267	370972	60	348	95	0	0	0	0	0	0	0	0	0
benchmarks/spec2006/400.perlbench.bc:liveness:Perl_av_store	benchmarks/spec2006/400.perlbench.bc	Perl_av_store	liveness	adt-delayed	adt-delayed	original	original	ok	none	1	29408	370972	79	424	122	0	0	0	0	0	0	0	0	0
benchmarks/spec2006/400.perlbench.bc:liveness:Perl_newAV	benchmarks/spec2006/400.perlbench.bc	Perl_newAV	liveness	adt-delayed	adt-delayed	original	original	ok	none	1	787	370972	1	31	0	0	0	0	0	0	0	0	0	0
benchmarks/spec2006/400.perlbench.bc:liveness:Perl_av_make	benchmarks/spec2006/400.perlbench.bc	Perl_av_make	liveness	adt-delayed	adt-delayed	original	original	ok	none	1	1732	370972	7	65	8	0	0	0	0	0	0	0	42	0
benchmarks/spec2006/400.perlbench.bc:liveness:Perl_av_fake	benchmarks/spec2006/400.perlbench.bc	Perl_av_fake	liveness	adt-delayed	adt-delayed	original	original	ok	none	1	1248	370972	4	62	4	0	0	0	0	0	0	0	32	0
benchmarks/spec2006/400.perlbench.bc:liveness:Perl_av_clear	benchmarks/spec2006/400.perlbench.bc	Perl_av_clear	liveness	adt-delayed	adt-delayed	original	original	ok	none	1	5138	370972	17	105	23	0	0	0	0	0	0	0	30	0
benchmarks/spec2006/400.perlbench.bc:liveness:Perl_av_undef	benchmarks/spec2006/400.perlbench.bc	Perl_av_undef	liveness	adt-delayed	adt-delayed	original	original	ok	none	1	2931	370972	14	90	20	0	0	0	0	0	0	0	32	0
benchmarks/spec2006/400.perlbench.bc:liveness:Perl_av_fill	benchmarks/spec2006/400.perlbench.bc	Perl_av_fill	liveness	adt-delayed	adt-delayed	original	original	ok	none	1	4545	370972	43	330	61	0	0	0	0	0	0	0	0	0
benchmarks/spec2006/400.perlbench.bc:liveness:Perl_av_push	benchmarks/spec2006/400.perlbench.bc	Perl_av_push	liveness	adt-delayed	adt-delayed	original	original	ok	none	1	4249	370972	28	254	40	0	0	0	0	0	0	0	0	0
benchmarks/spec2006/400.perlbench.bc:liveness:Perl_av_pop	benchmarks/spec2006/400.perlbench.bc	Perl_av_pop	liveness	adt-delayed	adt-delayed	original	original	ok	none	1	4907	370972	38	309	54	0	0	0	0	0	0	0	0	0
benchmarks/spec2006/400.perlbench.bc:liveness:Perl_av_unshift	benchmarks/spec2006/400.perlbench.bc	Perl_av_unshift	liveness	adt-delayed	adt-delayed	original	original	ok	none	1	9622	370972	47	414	68	0	0	0	0	0	0	0	96	0
benchmarks/spec2006/400.perlbench.bc:liveness:Perl_av_shift	benchmarks/spec2006/400.perlbench.bc	Perl_av_shift	liveness	adt-delayed	adt-delayed	original	original	ok	none	1	6496	370972	40	330	57	0	0	0	0	0	0	0	0	0
benchmarks/spec2006/400.perlbench.bc:liveness:Perl_av_len	benchmarks/spec2006/400.perlbench.bc	Perl_av_len	liveness	adt-delayed	adt-delayed	original	original	ok	none	1	363	370972	4	19	4	0	0	0	0	0	0	0	0	0
benchmarks/spec2006/400.perlbench.bc:liveness:Perl_av_delete	benchmarks/spec2006/400.perlbench.bc	Perl_av_delete	liveness	adt-delayed	adt-delayed	original	original	ok	none	1	73497	370972	73	390	112	0	0	0	0	0	0	0	0	0
benchmarks/spec2006/400.perlbench.bc:liveness:Perl_av_exists	benchmarks/spec2006/400.perlbench.bc	Perl_av_exists	liveness	adt-delayed	adt-delayed	original	original	ok	none	1	18095	370972	70	366	108	0	0	0	0	0	0	0	0	0
benchmarks/spec2006/400.perlbench.bc:liveness:Perl_avhv_keys	benchmarks/spec2006/400.perlbench.bc	Perl_avhv_keys	liveness	adt-delayed	adt-delayed	original	original	ok	none	1	7473	370972	18	82	28	0	0	0	0	0	0	0	0	0
benchmarks/spec2006/400.perlbench.bc:liveness:Perl_avhv_store_ent	benchmarks/spec2006/400.perlbench.bc	Perl_avhv_store_ent	liveness	adt-delayed	adt-delayed	original	original	ok	none	1	145	370972	1	7	0	0	0	0	0	0	0	0	0	0
benchmarks/spec2006/400.perlbench.bc:liveness:S_avhv_index	benchmarks/spec2006/400.perlbench.bc	S_avhv_index	liveness	adt-delayed	adt-delayed	original	original	ok	none	1	810	370972	6	37	7	0	0	0	0	0	0	0	0	0
benchmarks/spec2006/400.perlbench.bc:liveness:S_avhv_index_sv	benchmarks/spec2006/400.perlbench.bc	S_avhv_index_sv	liveness	adt-delayed	adt-delayed	original	original	ok	none	1	420	370972	6	22	7	0	0	0	0	0	0	0	0	0
benchmarks/spec2006/400.perlbench.bc:liveness:Perl_avhv_fetch_ent	benchmarks/spec2006/400.perlbench.bc	Perl_avhv_fetch_ent	liveness	adt-delayed	adt-delayed	original	original	ok	none	1	145	370972	1	7	0	0	0	0	0	0	0	0	0	0
benchmarks/spec2006/400.perlbench.bc:liveness:Perl_avhv_delete_ent	benchmarks/spec2006/400.perlbench.bc	Perl_avhv_delete_ent	liveness	adt-delayed	adt-delayed	original	original	ok	none	1	619	370972	5	25	6	0	0	0	0	0	0	0	0	0
benchmarks/spec2006/400.perlbench.bc:liveness:Perl_avhv_exists_ent	benchmarks/spec2006/400.perlbench.bc	Perl_avhv_exists_ent	liveness	adt-delayed	adt-delayed	original	original	ok	none	1	577	370972	5	24	6	0	0	0	0	0	0	0	0	0
benchmarks/spec2006/400.perlbench.bc:liveness:Perl_avhv_iternext	benchmarks/spec2006/400.perlbench.bc	Perl_avhv_iternext	liveness	adt-delayed	adt-delayed	original	original	ok	none	1	91	370972	1	5	0	0	0	0	0	0	0	0	0	0
benchmarks/spec2006/400.perlbench.bc:liveness:Perl_avhv_iterval	benchmarks/spec2006/400.perlbench.bc	Perl_avhv_iterval	liveness	adt-delayed	adt-delayed	original	original	ok	none	1	156	370972	1	9	0	0	0	0	0	0	0	0	0	0
benchmarks/spec2006/400.perlbench.bc:liveness:Perl_deb	benchmarks/spec2006/400.perlbench.bc	Perl_deb	liveness	adt-delayed	adt-delayed	original	original	ok	none	1	36	370972	1	2	0	0	0	0	0	0	0	0	0	0
benchmarks/spec2006/400.perlbench.bc:liveness:Perl_vdeb	benchmarks/spec2006/400.perlbench.bc	Perl_vdeb	liveness	adt-delayed	adt-delayed	original	original	ok	none	1	49	370972	1	3	0	0	0	0	0	0	0	0	0	0
benchmarks/spec2006/400.perlbench.bc:liveness:Perl_debstackptrs	benchmarks/spec2006/400.perlbench.bc	Perl_debstackptrs	liveness	adt-delayed	adt-delayed	original	original	ok	none	1	17	370972	1	1	0	0	0	0	0	0	0	0	0	0
benchmarks/spec2006/400.perlbench.bc:liveness:Perl_debstack	benchmarks/spec2006/400.perlbench.bc	Perl_debstack	liveness	adt-delayed	adt-delayed	original	original	ok	none	1	1031	370972	5	34	6	0	0	0	0	0	0	0	0	0
benchmarks/spec2006/400.perlbench.bc:liveness:S_deb_stack_n	benchmarks/spec2006/400.perlbench.bc	S_deb_stack_n	liveness	adt-delayed	adt-delayed	original	original	ok	none	1	103	370972	1	6	0	0	0	0	0	0	0	0	0	0
benchmarks/spec2006/400.perlbench.bc:liveness:Perl_deb_stack_all	benchmarks/spec2006/400.perlbench.bc	Perl_deb_stack_all	liveness	adt-delayed	adt-delayed	original	original	ok	none	1	18	370972	1	1	0	0	0	0	0	0	0	0	0	0
benchmarks/spec2006/400.perlbench.bc:liveness:Perl_do_open	benchmarks/spec2006/400.perlbench.bc	Perl_do_open	liveness	adt-delayed	adt-delayed	original	original	ok	none	1	171	370972	1	9	0	0	0	0	0	0	0	0	0	0
benchmarks/spec2006/400.perlbench.bc:liveness:Perl_do_openn	benchmarks/spec2006/400.perlbench.bc	Perl_do_openn	liveness	adt-delayed	adt-delayed	original	original	ok	none	1	48842	370972	473	2201	742	0	0	0	0	0	0	0	0	0
benchmarks/spec2006/400.perlbench.bc:liveness:Perl_do_open9	benchmarks/spec2006/400.perlbench.bc	Perl_do_open9	liveness	adt-delayed	adt-delayed	original	original	ok	none	1	336	370972	1	13	0	0	0	0	0	0	0	0	0	0
benchmarks/spec2006/400.perlbench.bc:liveness:Perl_av_reify	benchmarks/spec2006/400.perlbench.bc	Perl_av_reify	liveness	adt-delayed	adt-delayed	min-pred-succ	min-pred-succ	ok	none	1	2516	370972	17	121	22	0	0	0	0	0	0	0	28	0
benchmarks/spec2006/400.perlbench.bc:liveness:Perl_av_extend	benchmarks/spec2006/400.perlbench.bc	Perl_av_extend	liveness	adt-delayed	adt-delayed	min-pred-succ	min-pred-succ	ok	none	1	9568	370972	62	593	87	0	0	0	0	0	0	0	20	0
benchmarks/spec2006/400.perlbench.bc:liveness:Perl_av_fetch	benchmarks/spec2006/400.perlbench.bc	Perl_av_fetch	liveness	adt-delayed	adt-delayed	min-pred-succ	min-pred-succ	ok	none	1	4342	370972	60	348	95	0	0	0	0	0	0	0	0	0
benchmarks/spec2006/400.perlbench.bc:liveness:Perl_av_store	benchmarks/spec2006/400.perlbench.bc	Perl_av_store	liveness	adt-delayed	adt-delayed	min-pred-succ	min-pred-succ	ok	none	1	30508	370972	79	424	122	0	0	0	0	0	0	0	0	0
benchmarks/spec2006/400.perlbench.bc:liveness:Perl_newAV	benchmarks/spec2006/400.perlbench.bc	Perl_newAV	liveness	adt-delayed	adt-delayed	min-pred-succ	min-pred-succ	ok	none	1	794	370972	1	31	0	0	0	0	0	0	0	0	0	0
benchmarks/spec2006/400.perlbench.bc:liveness:Perl_av_make	benchmarks/spec2006/400.perlbench.bc	Perl_av_make	liveness	adt-delayed	adt-delayed	min-pred-succ	min-pred-succ	ok	none	1	1727	370972	7	65	8	0	0	0	0	0	0	0	42	0
benchmarks/spec2006/400.perlbench.bc:liveness:Perl_av_fake	benchmarks/spec2006/400.perlbench.bc	Perl_av_fake	liveness	adt-delayed	adt-delayed	min-pred-succ	min-pred-succ	ok	none	1	1213	370972	4	62	4	0	0	0	0	0	0	0	32	0
benchmarks/spec2006/400.perlbench.bc:liveness:Perl_av_clear	benchmarks/spec2006/400.perlbench.bc	Perl_av_clear	liveness	adt-delayed	adt-delayed	min-pred-succ	min-pred-succ	ok	none	1	5121	370972	17	105	23	0	0	0	0	0	0	0	30	0
benchmarks/spec2006/400.perlbench.bc:liveness:Perl_av_undef	benchmarks/spec2006/400.perlbench.bc	Perl_av_undef	liveness	adt-delayed	adt-delayed	min-pred-succ	min-pred-succ	ok	none	1	2933	370972	14	90	20	0	0	0	0	0	0	0	32	0
benchmarks/spec2006/400.perlbench.bc:liveness:Perl_av_fill	benchmarks/spec2006/400.perlbench.bc	Perl_av_fill	liveness	adt-delayed	adt-delayed	min-pred-succ	min-pred-succ	ok	none	1	4604	370972	43	330	61	0	0	0	0	0	0	0	0	0
benchmarks/spec2006/400.perlbench.bc:liveness:Perl_av_push	benchmarks/spec2006/400.perlbench.bc	Perl_av_push	liveness	adt-delayed	adt-delayed	min-pred-succ	min-pred-succ	ok	none	1	4281	370972	28	254	40	0	0	0	0	0	0	0	0	0
benchmarks/spec2006/400.perlbench.bc:liveness:Perl_av_pop	benchmarks/spec2006/400.perlbench.bc	Perl_av_pop	liveness	adt-delayed	adt-delayed	min-pred-succ	min-pred-succ	ok	none	1	4991	370972	38	309	54	0	0	0	0	0	0	0	0	0
benchmarks/spec2006/400.perlbench.bc:liveness:Perl_av_unshift	benchmarks/spec2006/400.perlbench.bc	Perl_av_unshift	liveness	adt-delayed	adt-delayed	min-pred-succ	min-pred-succ	ok	none	1	9698	370972	47	414	68	0	0	0	0	0	0	0	96	0
benchmarks/spec2006/400.perlbench.bc:liveness:Perl_av_shift	benchmarks/spec2006/400.perlbench.bc	Perl_av_shift	liveness	adt-delayed	adt-delayed	min-pred-succ	min-pred-succ	ok	none	1	6514	370972	40	330	57	0	0	0	0	0	0	0	0	0
benchmarks/spec2006/400.perlbench.bc:liveness:Perl_av_len	benchmarks/spec2006/400.perlbench.bc	Perl_av_len	liveness	adt-delayed	adt-delayed	min-pred-succ	min-pred-succ	ok	none	1	392	370972	4	19	4	0	0	0	0	0	0	0	0	0
benchmarks/spec2006/400.perlbench.bc:liveness:Perl_av_delete	benchmarks/spec2006/400.perlbench.bc	Perl_av_delete	liveness	adt-delayed	adt-delayed	min-pred-succ	min-pred-succ	ok	none	1	73172	370972	73	390	112	0	0	0	0	0	0	0	0	0
benchmarks/spec2006/400.perlbench.bc:liveness:Perl_av_exists	benchmarks/spec2006/400.perlbench.bc	Perl_av_exists	liveness	adt-delayed	adt-delayed	min-pred-succ	min-pred-succ	ok	none	1	17812	370972	70	366	108	0	0	0	0	0	0	0	0	0
benchmarks/spec2006/400.perlbench.bc:liveness:Perl_avhv_keys	benchmarks/spec2006/400.perlbench.bc	Perl_avhv_keys	liveness	adt-delayed	adt-delayed	min-pred-succ	min-pred-succ	ok	none	1	7373	370972	18	82	28	0	0	0	0	0	0	0	0	0
benchmarks/spec2006/400.perlbench.bc:liveness:Perl_avhv_store_ent	benchmarks/spec2006/400.perlbench.bc	Perl_avhv_store_ent	liveness	adt-delayed	adt-delayed	min-pred-succ	min-pred-succ	ok	none	1	145	370972	1	7	0	0	0	0	0	0	0	0	0	0
benchmarks/spec2006/400.perlbench.bc:liveness:S_avhv_index	benchmarks/spec2006/400.perlbench.bc	S_avhv_index	liveness	adt-delayed	adt-delayed	min-pred-succ	min-pred-succ	ok	none	1	826	370972	6	37	7	0	0	0	0	0	0	0	0	0
benchmarks/spec2006/400.perlbench.bc:liveness:S_avhv_index_sv	benchmarks/spec2006/400.perlbench.bc	S_avhv_index_sv	liveness	adt-delayed	adt-delayed	min-pred-succ	min-pred-succ	ok	none	1	436	370972	6	22	7	0	0	0	0	0	0	0	0	0
benchmarks/spec2006/400.perlbench.bc:liveness:Perl_avhv_fetch_ent	benchmarks/spec2006/400.perlbench.bc	Perl_avhv_fetch_ent	liveness	adt-delayed	adt-delayed	min-pred-succ	min-pred-succ	ok	none	1	137	370972	1	7	0	0	0	0	0	0	0	0	0	0
benchmarks/spec2006/400.perlbench.bc:liveness:Perl_avhv_delete_ent	benchmarks/spec2006/400.perlbench.bc	Perl_avhv_delete_ent	liveness	adt-delayed	adt-delayed	min-pred-succ	min-pred-succ	ok	none	1	617	370972	5	25	6	0	0	0	0	0	0	0	0	0
benchmarks/spec2006/400.perlbench.bc:liveness:Perl_avhv_exists_ent	benchmarks/spec2006/400.perlbench.bc	Perl_avhv_exists_ent	liveness	adt-delayed	adt-delayed	min-pred-succ	min-pred-succ	ok	none	1	559	370972	5	24	6	0	0	0	0	0	0	0	0	0
benchmarks/spec2006/400.perlbench.bc:liveness:Perl_avhv_iternext	benchmarks/spec2006/400.perlbench.bc	Perl_avhv_iternext	liveness	adt-delayed	adt-delayed	min-pred-succ	min-pred-succ	ok	none	1	108	370972	1	5	0	0	0	0	0	0	0	0	0	0
benchmarks/spec2006/400.perlbench.bc:liveness:Perl_avhv_iterval	benchmarks/spec2006/400.perlbench.bc	Perl_avhv_iterval	liveness	adt-delayed	adt-delayed	min-pred-succ	min-pred-succ	ok	none	1	162	370972	1	9	0	0	0	0	0	0	0	0	0	0
benchmarks/spec2006/400.perlbench.bc:liveness:Perl_deb	benchmarks/spec2006/400.perlbench.bc	Perl_deb	liveness	adt-delayed	adt-delayed	min-pred-succ	min-pred-succ	ok	none	1	37	370972	1	2	0	0	0	0	0	0	0	0	0	0
benchmarks/spec2006/400.perlbench.bc:liveness:Perl_vdeb	benchmarks/spec2006/400.perlbench.bc	Perl_vdeb	liveness	adt-delayed	adt-delayed	min-pred-succ	min-pred-succ	ok	none	1	50	370972	1	3	0	0	0	0	0	0	0	0	0	0
benchmarks/spec2006/400.perlbench.bc:liveness:Perl_debstackptrs	benchmarks/spec2006/400.perlbench.bc	Perl_debstackptrs	liveness	adt-delayed	adt-delayed	min-pred-succ	min-pred-succ	ok	none	1	17	370972	1	1	0	0	0	0	0	0	0	0	0	0
benchmarks/spec2006/400.perlbench.bc:liveness:Perl_debstack	benchmarks/spec2006/400.perlbench.bc	Perl_debstack	liveness	adt-delayed	adt-delayed	min-pred-succ	min-pred-succ	ok	none	1	1003	370972	5	34	6	0	0	0	0	0	0	0	0	0
benchmarks/spec2006/400.perlbench.bc:liveness:S_deb_stack_n	benchmarks/spec2006/400.perlbench.bc	S_deb_stack_n	liveness	adt-delayed	adt-delayed	min-pred-succ	min-pred-succ	ok	none	1	100	370972	1	6	0	0	0	0	0	0	0	0	0	0
benchmarks/spec2006/400.perlbench.bc:liveness:Perl_deb_stack_all	benchmarks/spec2006/400.perlbench.bc	Perl_deb_stack_all	liveness	adt-delayed	adt-delayed	min-pred-succ	min-pred-succ	ok	none	1	18	370972	1	1	0	0	0	0	0	0	0	0	0	0
benchmarks/spec2006/400.perlbench.bc:liveness:Perl_do_open	benchmarks/spec2006/400.perlbench.bc	Perl_do_open	liveness	adt-delayed	adt-delayed	min-pred-succ	min-pred-succ	ok	none	1	169	370972	1	9	0	0	0	0	0	0	0	0	0	0
benchmarks/spec2006/400.perlbench.bc:liveness:Perl_do_openn	benchmarks/spec2006/400.perlbench.bc	Perl_do_openn	liveness	adt-delayed	adt-delayed	min-pred-succ	min-pred-succ	ok	none	1	49168	370972	473	2201	742	0	0	0	0	0	0	0	0	0
benchmarks/spec2006/400.perlbench.bc:liveness:Perl_do_open9	benchmarks/spec2006/400.perlbench.bc	Perl_do_open9	liveness	adt-delayed	adt-delayed	min-pred-succ	min-pred-succ	ok	none	1	363	370972	1	13	0	0	0	0	0	0	0	0	0	0
benchmarks/spec2006/400.perlbench.bc:liveness:Perl_av_reify	benchmarks/spec2006/400.perlbench.bc	Perl_av_reify	liveness	adt-delayed	adt-delayed	expression-aware	expression-aware	ok	none	1	2613	370972	17	121	22	0	0	0	0	0	0	0	28	0
benchmarks/spec2006/400.perlbench.bc:liveness:Perl_av_extend	benchmarks/spec2006/400.perlbench.bc	Perl_av_extend	liveness	adt-delayed	adt-delayed	expression-aware	expression-aware	ok	none	1	9535	370972	62	593	87	0	0	0	0	0	0	0	20	0
benchmarks/spec2006/400.perlbench.bc:liveness:Perl_av_fetch	benchmarks/spec2006/400.perlbench.bc	Perl_av_fetch	liveness	adt-delayed	adt-delayed	expression-aware	expression-aware	ok	none	1	4338	370972	60	348	95	0	0	0	0	0	0	0	0	0
benchmarks/spec2006/400.perlbench.bc:liveness:Perl_av_store	benchmarks/spec2006/400.perlbench.bc	Perl_av_store	liveness	adt-delayed	adt-delayed	expression-aware	expression-aware	ok	none	1	29404	370972	79	424	122	0	0	0	0	0	0	0	0	0
benchmarks/spec2006/400.perlbench.bc:liveness:Perl_newAV	benchmarks/spec2006/400.perlbench.bc	Perl_newAV	liveness	adt-delayed	adt-delayed	expression-aware	expression-aware	ok	none	1	783	370972	1	31	0	0	0	0	0	0	0	0	0	0
benchmarks/spec2006/400.perlbench.bc:liveness:Perl_av_make	benchmarks/spec2006/400.perlbench.bc	Perl_av_make	liveness	adt-delayed	adt-delayed	expression-aware	expression-aware	ok	none	1	1739	370972	7	65	8	0	0	0	0	0	0	0	42	0
benchmarks/spec2006/400.perlbench.bc:liveness:Perl_av_fake	benchmarks/spec2006/400.perlbench.bc	Perl_av_fake	liveness	adt-delayed	adt-delayed	expression-aware	expression-aware	ok	none	1	1201	370972	4	62	4	0	0	0	0	0	0	0	32	0
benchmarks/spec2006/400.perlbench.bc:liveness:Perl_av_clear	benchmarks/spec2006/400.perlbench.bc	Perl_av_clear	liveness	adt-delayed	adt-delayed	expression-aware	expression-aware	ok	none	1	5119	370972	17	105	23	0	0	0	0	0	0	0	30	0
benchmarks/spec2006/400.perlbench.bc:liveness:Perl_av_undef	benchmarks/spec2006/400.perlbench.bc	Perl_av_undef	liveness	adt-delayed	adt-delayed	expression-aware	expression-aware	ok	none	1	3023	370972	14	90	20	0	0	0	0	0	0	0	32	0
benchmarks/spec2006/400.perlbench.bc:liveness:Perl_av_fill	benchmarks/spec2006/400.perlbench.bc	Perl_av_fill	liveness	adt-delayed	adt-delayed	expression-aware	expression-aware	ok	none	1	4663	370972	43	330	61	0	0	0	0	0	0	0	0	0
benchmarks/spec2006/400.perlbench.bc:liveness:Perl_av_push	benchmarks/spec2006/400.perlbench.bc	Perl_av_push	liveness	adt-delayed	adt-delayed	expression-aware	expression-aware	ok	none	1	4253	370972	28	254	40	0	0	0	0	0	0	0	0	0
benchmarks/spec2006/400.perlbench.bc:liveness:Perl_av_pop	benchmarks/spec2006/400.perlbench.bc	Perl_av_pop	liveness	adt-delayed	adt-delayed	expression-aware	expression-aware	ok	none	1	4918	370972	38	309	54	0	0	0	0	0	0	0	0	0
benchmarks/spec2006/400.perlbench.bc:liveness:Perl_av_unshift	benchmarks/spec2006/400.perlbench.bc	Perl_av_unshift	liveness	adt-delayed	adt-delayed	expression-aware	expression-aware	ok	none	1	9686	370972	47	414	68	0	0	0	0	0	0	0	96	0
benchmarks/spec2006/400.perlbench.bc:liveness:Perl_av_shift	benchmarks/spec2006/400.perlbench.bc	Perl_av_shift	liveness	adt-delayed	adt-delayed	expression-aware	expression-aware	ok	none	1	6514	370972	40	330	57	0	0	0	0	0	0	0	0	0
benchmarks/spec2006/400.perlbench.bc:liveness:Perl_av_len	benchmarks/spec2006/400.perlbench.bc	Perl_av_len	liveness	adt-delayed	adt-delayed	expression-aware	expression-aware	ok	none	1	386	370972	4	19	4	0	0	0	0	0	0	0	0	0
benchmarks/spec2006/400.perlbench.bc:liveness:Perl_av_delete	benchmarks/spec2006/400.perlbench.bc	Perl_av_delete	liveness	adt-delayed	adt-delayed	expression-aware	expression-aware	ok	none	1	72271	370972	73	390	112	0	0	0	0	0	0	0	0	0
benchmarks/spec2006/400.perlbench.bc:liveness:Perl_av_exists	benchmarks/spec2006/400.perlbench.bc	Perl_av_exists	liveness	adt-delayed	adt-delayed	expression-aware	expression-aware	ok	none	1	17950	370972	70	366	108	0	0	0	0	0	0	0	0	0
benchmarks/spec2006/400.perlbench.bc:liveness:Perl_avhv_keys	benchmarks/spec2006/400.perlbench.bc	Perl_avhv_keys	liveness	adt-delayed	adt-delayed	expression-aware	expression-aware	ok	none	1	7393	370972	18	82	28	0	0	0	0	0	0	0	0	0
benchmarks/spec2006/400.perlbench.bc:liveness:Perl_avhv_store_ent	benchmarks/spec2006/400.perlbench.bc	Perl_avhv_store_ent	liveness	adt-delayed	adt-delayed	expression-aware	expression-aware	ok	none	1	154	370972	1	7	0	0	0	0	0	0	0	0	0	0
benchmarks/spec2006/400.perlbench.bc:liveness:S_avhv_index	benchmarks/spec2006/400.perlbench.bc	S_avhv_index	liveness	adt-delayed	adt-delayed	expression-aware	expression-aware	ok	none	1	810	370972	6	37	7	0	0	0	0	0	0	0	0	0
benchmarks/spec2006/400.perlbench.bc:liveness:S_avhv_index_sv	benchmarks/spec2006/400.perlbench.bc	S_avhv_index_sv	liveness	adt-delayed	adt-delayed	expression-aware	expression-aware	ok	none	1	414	370972	6	22	7	0	0	0	0	0	0	0	0	0
benchmarks/spec2006/400.perlbench.bc:liveness:Perl_avhv_fetch_ent	benchmarks/spec2006/400.perlbench.bc	Perl_avhv_fetch_ent	liveness	adt-delayed	adt-delayed	expression-aware	expression-aware	ok	none	1	129	370972	1	7	0	0	0	0	0	0	0	0	0	0
benchmarks/spec2006/400.perlbench.bc:liveness:Perl_avhv_delete_ent	benchmarks/spec2006/400.perlbench.bc	Perl_avhv_delete_ent	liveness	adt-delayed	adt-delayed	expression-aware	expression-aware	ok	none	1	615	370972	5	25	6	0	0	0	0	0	0	0	0	0
benchmarks/spec2006/400.perlbench.bc:liveness:Perl_avhv_exists_ent	benchmarks/spec2006/400.perlbench.bc	Perl_avhv_exists_ent	liveness	adt-delayed	adt-delayed	expression-aware	expression-aware	ok	none	1	558	370972	5	24	6	0	0	0	0	0	0	0	0	0
benchmarks/spec2006/400.perlbench.bc:liveness:Perl_avhv_iternext	benchmarks/spec2006/400.perlbench.bc	Perl_avhv_iternext	liveness	adt-delayed	adt-delayed	expression-aware	expression-aware	ok	none	1	89	370972	1	5	0	0	0	0	0	0	0	0	0	0
benchmarks/spec2006/400.perlbench.bc:liveness:Perl_avhv_iterval	benchmarks/spec2006/400.perlbench.bc	Perl_avhv_iterval	liveness	adt-delayed	adt-delayed	expression-aware	expression-aware	ok	none	1	157	370972	1	9	0	0	0	0	0	0	0	0	0	0
benchmarks/spec2006/400.perlbench.bc:liveness:Perl_deb	benchmarks/spec2006/400.perlbench.bc	Perl_deb	liveness	adt-delayed	adt-delayed	expression-aware	expression-aware	ok	none	1	35	370972	1	2	0	0	0	0	0	0	0	0	0	0
benchmarks/spec2006/400.perlbench.bc:liveness:Perl_vdeb	benchmarks/spec2006/400.perlbench.bc	Perl_vdeb	liveness	adt-delayed	adt-delayed	expression-aware	expression-aware	ok	none	1	50	370972	1	3	0	0	0	0	0	0	0	0	0	0
benchmarks/spec2006/400.perlbench.bc:liveness:Perl_debstackptrs	benchmarks/spec2006/400.perlbench.bc	Perl_debstackptrs	liveness	adt-delayed	adt-delayed	expression-aware	expression-aware	ok	none	1	17	370972	1	1	0	0	0	0	0	0	0	0	0	0
benchmarks/spec2006/400.perlbench.bc:liveness:Perl_debstack	benchmarks/spec2006/400.perlbench.bc	Perl_debstack	liveness	adt-delayed	adt-delayed	expression-aware	expression-aware	ok	none	1	1018	370972	5	34	6	0	0	0	0	0	0	0	0	0
benchmarks/spec2006/400.perlbench.bc:liveness:S_deb_stack_n	benchmarks/spec2006/400.perlbench.bc	S_deb_stack_n	liveness	adt-delayed	adt-delayed	expression-aware	expression-aware	ok	none	1	102	370972	1	6	0	0	0	0	0	0	0	0	0	0
benchmarks/spec2006/400.perlbench.bc:liveness:Perl_deb_stack_all	benchmarks/spec2006/400.perlbench.bc	Perl_deb_stack_all	liveness	adt-delayed	adt-delayed	expression-aware	expression-aware	ok	none	1	18	370972	1	1	0	0	0	0	0	0	0	0	0	0
benchmarks/spec2006/400.perlbench.bc:liveness:Perl_do_open	benchmarks/spec2006/400.perlbench.bc	Perl_do_open	liveness	adt-delayed	adt-delayed	expression-aware	expression-aware	ok	none	1	169	370972	1	9	0	0	0	0	0	0	0	0	0	0
benchmarks/spec2006/400.perlbench.bc:liveness:Perl_do_openn	benchmarks/spec2006/400.perlbench.bc	Perl_do_openn	liveness	adt-delayed	adt-delayed	expression-aware	expression-aware	ok	none	1	48893	370972	473	2201	742	0	0	0	0	0	0	0	0	0
benchmarks/spec2006/400.perlbench.bc:liveness:Perl_do_open9	benchmarks/spec2006/400.perlbench.bc	Perl_do_open9	liveness	adt-delayed	adt-delayed	expression-aware	expression-aware	ok	none	1	347	370972	1	13	0	0	0	0	0	0	0	0	0	0
benchmarks/spec2006/400.perlbench.bc:liveness:Perl_nextargv	benchmarks/spec2006/400.perlbench.bc	Perl_nextargv	liveness	adt-delayed	adt-delayed	expression-aware	expression-aware	fallback-to-state	adt-rejected	0	1216526	370972	104	650	164	0	0	0	0	0	0	0	1905	0
benchmarks/spec2006/400.perlbench.bc:liveness:Perl_do_close	benchmarks/spec2006/400.perlbench.bc	Perl_do_close	liveness	adt-delayed	adt-delayed	expression-aware	expression-aware	ok	none	1	5556	370972	27	127	42	0	0	0	0	0	0	0	0	0
benchmarks/spec2006/400.perlbench.bc:liveness:Perl_io_close	benchmarks/spec2006/400.perlbench.bc	Perl_io_close	liveness	adt-delayed	adt-delayed	expression-aware	expression-aware	ok	none	1	2418	370972	25	146	34	0	0	0	0	0	0	0	0	0
benchmarks/spec2006/400.perlbench.bc:liveness:Perl_do_eof	benchmarks/spec2006/400.perlbench.bc	Perl_do_eof	liveness	adt-delayed	adt-delayed	expression-aware	expression-aware	fallback-to-state	adt-rejected	0	69757	370972	38	169	58	0	0	0	0	0	0	0	154	0
benchmarks/spec2006/400.perlbench.bc:liveness:Perl_do_tell	benchmarks/spec2006/400.perlbench.bc	Perl_do_tell	liveness	adt-delayed	adt-delayed	expression-aware	expression-aware	ok	none	1	11393	370972	19	105	31	0	0	0	0	0	0	0	0	0
benchmarks/spec2006/400.perlbench.bc:liveness:Perl_do_seek	benchmarks/spec2006/400.perlbench.bc	Perl_do_seek	liveness	adt-delayed	adt-delayed	expression-aware	expression-aware	ok	none	1	11977	370972	19	110	31	0	0	0	0	0	0	0	0	0
benchmarks/spec2006/400.perlbench.bc:liveness:Perl_do_sysseek	benchmarks/spec2006/400.perlbench.bc	Perl_do_sysseek	liveness	adt-delayed	adt-delayed	expression-aware	expression-aware	ok	none	1	12011	370972	19	108	31	0	0	0	0	0	0	0	0	0
benchmarks/spec2006/400.perlbench.bc:liveness:Perl_mode_from_discipline	benchmarks/spec2006/400.perlbench.bc	Perl_mode_from_discipline	liveness	adt-delayed	adt-delayed	expression-aware	expression-aware	ok	none	1	102844	370972	47	216	77	0	0	0	0	0	0	0	212	0
benchmarks/spec2006/400.perlbench.bc:liveness:Perl_do_binmode	benchmarks/spec2006/400.perlbench.bc	Perl_do_binmode	liveness	adt-delayed	adt-delayed	expression-aware	expression-aware	ok	none	1	153	370972	1	6	0	0	0	0	0	0	0	0	0	0
benchmarks/spec2006/400.perlbench.bc:liveness:Perl_do_print	benchmarks/spec2006/400.perlbench.bc	Perl_do_print	liveness	adt-delayed	adt-delayed	expression-aware	expression-aware	ok	none	1	3990	370972	54	266	85	0	0	0	0	0	0	0	0	0
benchmarks/spec2006/400.perlbench.bc:liveness:Perl_my_stat	benchmarks/spec2006/400.perlbench.bc	Perl_my_stat	liveness	adt-delayed	adt-delayed	expression-aware	expression-aware	ok	none	1	12159	370972	43	267	69	0	0	0	0	0	0	0	0	0
benchmarks/spec2006/400.perlbench.bc:liveness:Perl_my_lstat	benchmarks/spec2006/400.perlbench.bc	Perl_my_lstat	liveness	adt-delayed	adt-delayed	expression-aware	expression-aware	ok	none	1	241414	370972	50	337	80	0	0	0	0	0	0	0	0	0
benchmarks/spec2006/400.perlbench.bc:liveness:Perl_do_aexec	benchmarks/spec2006/400.perlbench.bc	Perl_do_aexec	liveness	adt-delayed	adt-delayed	expression-aware	expression-aware	ok	none	1	131	370972	1	5	0	0	0	0	0	0	0	0	0	0
benchmarks/spec2006/400.perlbench.bc:liveness:Perl_do_aexec5	benchmarks/spec2006/400.perlbench.bc	Perl_do_aexec5	liveness	adt-delayed	adt-delayed	expression-aware	expression-aware	ok	none	1	17226	370972	40	199	60	0	0	0	0	0	0	0	36	0
benchmarks/spec2006/400.perlbench.bc:liveness:Perl_do_execfree	benchmarks/spec2006/400.perlbench.bc	Perl_do_execfree	liveness	adt-delayed	adt-delayed	expression-aware	expression-aware	ok	none	1	400	370972	5	16	6	0	0	0	0	0	0	0	0	0
benchmarks/spec2006/400.perlbench.bc:liveness:Perl_do_exec	benchmarks/spec2006/400.perlbench.bc	Perl_do_exec	liveness	adt-delayed	adt-delayed	expression-aware	expression-aware	ok	none	1	63	370972	1	3	0	0	0	0	0	0	0	0	0	0
benchmarks/spec2006/400.perlbench.bc:liveness:Perl_do_exec3	benchmarks/spec2006/400.perlbench.bc	Perl_do_exec3	liveness	adt-delayed	adt-delayed	expression-aware	expression-aware	fallback-to-state	adt-rejected	0	2468180	370972	142	595	233	0	0	0	0	0	0	0	33851	0
benchmarks/spec2006/400.perlbench.bc:liveness:Perl_apply	benchmarks/spec2006/400.perlbench.bc	Perl_apply	liveness	adt-delayed	adt-delayed	expression-aware	expression-aware	fallback-to-state	adt-rejected	0	139779	370972	63	250	91	0	0	0	0	0	0	0	706	0
benchmarks/spec2006/400.perlbench.bc:liveness:Perl_cando	benchmarks/spec2006/400.perlbench.bc	Perl_cando	liveness	adt-delayed	adt-delayed	expression-aware	expression-aware	ok	none	1	913	370972	28	71	38	0	0	0	0	0	0	0	0	0
benchmarks/spec2006/400.perlbench.bc:liveness:Perl_ingroup	benchmarks/spec2006/400.perlbench.bc	Perl_ingroup	liveness	adt-delayed	adt-delayed	expression-aware	expression-aware	ok	none	1	325	370972	7	15	8	0	0	0	0	0	0	0	0	0
benchmarks/spec2006/400.perlbench.bc:liveness:Perl_start_glob	benchmarks/spec2006/400.perlbench.bc	Perl_start_glob	liveness	adt-delayed	adt-delayed	expression-aware	expression-aware	ok	none	1	885	370972	1	33	0	0	0	0	0	0	0	0	0	0
benchmarks/spec2006/400.perlbench.bc:liveness:Perl_do_trans	benchmarks/spec2006/400.perlbench.bc	Perl_do_trans	liveness	adt-delayed	adt-delayed	expression-aware	expression-aware	ok	none	1	8176	370972	30	130	44	0	0	0	0	0	0	0	0	0
benchmarks/spec2006/400.perlbench.bc:liveness:S_do_trans_simple_utf8	benchmarks/spec2006/400.perlbench.bc	S_do_trans_simple_utf8	liveness	adt-delayed	adt-delayed	expression-aware	expression-aware	fallback-to-state	adt-rejected	0	455875	370972	52	338	72	0	0	0	0	0	0	0	800	0
benchmarks/spec2006/400.perlbench.bc:liveness:S_do_trans_simple	benchmarks/spec2006/400.perlbench.bc	S_do_trans_simple	liveness	adt-delayed	adt-delayed	expression-aware	expression-aware	ok	none	1	9828	370972	32	183	43	0	0	0	0	0	0	0	78	0
benchmarks/spec2006/400.perlbench.bc:liveness:S_do_trans_count_utf8	benchmarks/spec2006/400.perlbench.bc	S_do_trans_count_utf8	liveness	adt-delayed	adt-delayed	expression-aware	expression-aware	fallback-to-state	adt-rejected	0	66692	370972	27	150	37	0	0	0	0	0	0	0	887	0
benchmarks/spec2006/400.perlbench.bc:liveness:S_do_trans_count	benchmarks/spec2006/400.perlbench.bc	S_do_trans_count	liveness	adt-delayed	adt-delayed	expression-aware	expression-aware	ok	none	1	3804	370972	24	117	32	0	0	0	0	0	0	0	56	0
benchmarks/spec2006/400.perlbench.bc:liveness:S_do_trans_complex_utf8	benchmarks/spec2006/400.perlbench.bc	S_do_trans_complex_utf8	liveness	adt-delayed	adt-delayed	expression-aware	expression-aware	fallback-to-state	adt-rejected	0	1418762	370972	80	509	113	0	0	0	0	0	0	0	1768	0
benchmarks/spec2006/400.perlbench.bc:liveness:S_do_trans_complex	benchmarks/spec2006/400.perlbench.bc	S_do_trans_complex	liveness	adt-delayed	adt-delayed	expression-aware	expression-aware	ok	none	1	17956	370972	102	517	140	0	0	0	0	0	0	0	94	0
benchmarks/spec2006/400.perlbench.bc:liveness:Perl_do_join	benchmarks/spec2006/400.perlbench.bc	Perl_do_join	liveness	adt-delayed	adt-delayed	expression-aware	expression-aware	ok	none	1	4045	370972	46	237	64	0	0	0	0	0	0	0	28	0
benchmarks/spec2006/400.perlbench.bc:liveness:Perl_do_sprintf	benchmarks/spec2006/400.perlbench.bc	Perl_do_sprintf	liveness	adt-delayed	adt-delayed	expression-aware	expression-aware	ok	none	1	3592	370972	13	76	18	0	0	0	0	0	0	0	0	0
benchmarks/spec2006/400.perlbench.bc:liveness:Perl_do_vecget	benchmarks/spec2006/400.perlbench.bc	Perl_do_vecget	liveness	adt-delayed	adt-delayed	expression-aware	expression-aware	ok	none	1	54693	370972	87	648	124	0	0	0	0	0	0	0	0	0
benchmarks/spec2006/400.perlbench.bc:liveness:Perl_do_vecset	benchmarks/spec2006/400.perlbench.bc	Perl_do_vecset	liveness	adt-delayed	adt-delayed	expression-aware	expression-aware	ok	none	1	74185	370972	44	327	64	0	0	0	0	0	0	0	0	0
benchmarks/spec2006/400.perlbench.bc:liveness:Perl_do_chop	benchmarks/spec2006/400.perlbench.bc	Perl_do_chop	liveness	adt-delayed	adt-delayed	expression-aware	expression-aware	ok	none	1	3554	370972	58	254	82	0	0	0	0	0	0	0	0	0
benchmarks/spec2006/400.perlbench.bc:liveness:Perl_do_chomp	benchmarks/spec2006/400.perlbench.bc	Perl_do_chomp	liveness	adt-delayed	adt-delayed	expression-aware	expression-aware	ok	none	1	24203	370972	92	491	129	0	0	0	0	0	0	0	0	0
benchmarks/spec2006/400.perlbench.bc:liveness:Perl_do_vop	benchmarks/spec2006/400.perlbench.bc	Perl_do_vop	liveness	adt-delayed	adt-delayed	expression-aware	expression-aware	ok	none	1	18826	370972	141	894	207	0	0	0	0	0	0	0	52	0
benchmarks/spec2006/400.perlbench.bc:liveness:Perl_do_kv	benchmarks/spec2006/400.perlbench.bc	Perl_do_kv	liveness	adt-delayed	adt-delayed	expression-aware	expression-aware	ok	none	1	20495	370972	67	395	98	0	0	0	0	0	0	0	120	0
benchmarks/spec2006/400.perlbench.bc:liveness:Perl_dump_indent	benchmarks/spec2006/400.perlbench.bc	Perl_dump_indent	liveness	adt-delayed	adt-delayed	expression-aware	expression-aware	ok	none	1	283	370972	1	13	0	0	0	0	0	0	0	0	0	0
benchmarks/spec2006/400.perlbench.bc:liveness:Perl_dump_vindent	benchmarks/spec2006/400.perlbench.bc	Perl_dump_vindent	liveness	adt-delayed	adt-delayed	expression-aware	expression-aware	ok	none	1	200	370972	1	10	0	0	0	0	0	0	0	0	0	0
benchmarks/spec2006/400.perlbench.bc:liveness:Perl_dump_all	benchmarks/spec2006/400.perlbench.bc	Perl_dump_all	liveness	adt-delayed	adt-delayed	expression-aware	expression-aware	ok	none	1	228	370972	3	11	3	0	0	0	0	0	0	0	0	0
benchmarks/spec2006/400.perlbench.bc:liveness:Perl_op_dump	benchmarks/spec2006/400.perlbench.bc	Perl_op_dump	liveness	adt-delayed	adt-delayed	expression-aware	expression-aware	ok	none	1	71	370972	1	4	0	0	0	0	0	0	0	0	0	0
benchmarks/spec2006/400.perlbench.bc:liveness:Perl_dump_packsubs	benchmarks/spec2006/400.perlbench.bc	Perl_dump_packsubs	liveness	adt-delayed	adt-delayed	expression-aware	expression-aware	ok	none	1	17700	370972	24	117	35	0	0	0	0	0	0	0	160	0
benchmarks/spec2006/400.perlbench.bc:liveness:Perl_dump_sub	benchmarks/spec2006/400.perlbench.bc	Perl_dump_sub	liveness	adt-delayed	adt-delayed	expression-aware	expression-aware	ok	none	1	1627	370972	7	77	8	0	0	0	0	0	0	0	0	0
benchmarks/spec2006/400.perlbench.bc:liveness:Perl_dump_form	benchmarks/spec2006/400.perlbench.bc	Perl_dump_form	liveness	adt-delayed	adt-delayed	expression-aware	expression-aware	ok	none	1	794	370972	4	39	4	0	0	0	0	0	0	0	0	0
benchmarks/spec2006/400.perlbench.bc:liveness:Perl_do_op_dump	benchmarks/spec2006/400.perlbench.bc	Perl_do_op_dump	liveness	adt-delayed	adt-delayed	expression-aware	expression-aware	ok	none	1	126397	370972	287	1102	443	0	0	0	0	0	0	0	20	0
benchmarks/spec2006/400.perlbench.bc:liveness:Perl_sv_peek	benchmarks/spec2006/400.perlbench.bc	Perl_sv_peek	liveness	adt-delayed	adt-delayed	expression-aware	expression-aware	fallback-to-state	adt-rejected	0	792260	370972	111	452	169	0	0	0	0	0	0	0	9902	0
benchmarks/spec2006/400.perlbench.bc:liveness:Perl_do_pmop_dump	benchmarks/spec2006/400.perlbench.bc	Perl_do_pmop_dump	liveness	adt-delayed	adt-delayed	expression-aware	expression-aware	ok	none	1	35506	370972	48	217	72	0	0	0	0	0	0	0	0	0
benchmarks/spec2006/400.perlbench.bc:liveness:Perl_pv_display	benchmarks/spec2006/400.perlbench.bc	Perl_pv_display	liveness	adt-delayed	adt-delayed	expression-aware	expression-aware	fallback-to-state	adt-rejected	0	30499	370972	32	110	49	0	0	0	0	0	0	0	90	0
benchmarks/spec2006/400.perlbench.bc:liveness:Perl_dump_eval	benchmarks/spec2006/400.perlbench.bc	Perl_dump_eval	liveness	adt-delayed	adt-delayed	expression-aware	expression-aware	ok	none	1	93	370972	1	3	0	0	0	0	0	0	0	0	0	0
benchmarks/spec2006/400.perlbench.bc:liveness:Perl_pmop_dump	benchmarks/spec2006/400.perlbench.bc	Perl_pmop_dump	liveness	adt-delayed	adt-delayed	expression-aware	expression-aware	ok	none	1	75	370972	1	4	0	0	0	0	0	0	0	0	0	0
benchmarks/spec2006/400.perlbench.bc:liveness:Perl_gv_dump	benchmarks/spec2006/400.perlbench.bc	Perl_gv_dump	liveness	adt-delayed	adt-delayed	expression-aware	expression-aware	ok	none	1	1527	370972	6	47	7	0	0	0	0	0	0	0	0	0
benchmarks/spec2006/400.perlbench.bc:liveness:Perl_do_magic_dump	benchmarks/spec2006/400.perlbench.bc	Perl_do_magic_dump	liveness	adt-delayed	adt-delayed	expression-aware	expression-aware	fallback-to-state	adt-rejected	0	1570078	370972	132	421	180	0	0	0	0	0	0	0	4092	0
benchmarks/spec2006/400.perlbench.bc:liveness:Perl_do_sv_dump	benchmarks/spec2006/400.perlbench.bc	Perl_do_sv_dump	liveness	adt-delayed	adt-delayed	expression-aware	expression-aware	ok	none	1	181339	370972	307	1858	466	0	0	0	0	0	0	0	0	0
benchmarks/spec2006/400.perlbench.bc:liveness:Perl_do_hv_dump	benchmarks/spec2006/400.perlbench.bc	Perl_do_hv_dump	liveness	adt-delayed	adt-delayed	expression-aware	expression-aware	ok	none	1	511	370972	5	23	6	0	0	0	0	0	0	0	0	0
benchmarks/spec2006/400.perlbench.bc:liveness:Perl_do_gvgv_dump	benchmarks/spec2006/400.perlbench.bc	Perl_do_gvgv_dump	liveness	adt-delayed	adt-delayed	expression-aware	expression-aware	ok	none	1	833	370972	8	50	11	0	0	0	0	0	0	0	0	0
benchmarks/spec2006/400.perlbench.bc:liveness:Perl_do_gv_dump	benchmarks/spec2006/400.perlbench.bc	Perl_do_gv_dump	liveness	adt-delayed	adt-delayed	expression-aware	expression-aware	ok	none	1	448	370972	5	23	6	0	0	0	0	0	0	0	0	0
benchmarks/spec2006/400.perlbench.bc:liveness:Perl_magic_dump	benchmarks/spec2006/400.perlbench.bc	Perl_magic_dump	liveness	adt-delayed	adt-delayed	expression-aware	expression-aware	ok	none	1	75	370972	1	4	0	0	0	0	0	0	0	0	0	0
benchmarks/spec2006/400.perlbench.bc:liveness:Perl_sv_dump	benchmarks/spec2006/400.perlbench.bc	Perl_sv_dump	liveness	adt-delayed	adt-delayed	expression-aware	expression-aware	ok	none	1	70	370972	1	4	0	0	0	0	0	0	0	0	0	0
benchmarks/spec2006/400.perlbench.bc:liveness:Perl_runops_debug	benchmarks/spec2006/400.perlbench.bc	Perl_runops_debug	liveness	adt-delayed	adt-delayed	expression-aware	expression-aware	ok	none	1	6519	370972	28	103	41	0	0	0	0	0	0	0	64	0
benchmarks/spec2006/400.perlbench.bc:liveness:Perl_debop	benchmarks/spec2006/400.perlbench.bc	Perl_debop	liveness	adt-delayed	adt-delayed	expression-aware	expression-aware	ok	none	1	3133	370972	28	130	41	0	0	0	0	0	0	0	0	0
benchmarks/spec2006/400.perlbench.bc:liveness:S_debprof	benchmarks/spec2006/400.perlbench.bc	S_debprof	liveness	adt-delayed	adt-delayed	expression-aware	expression-aware	ok	none	1	1042	370972	7	32	9	0	0	0	0	0	0	0	0	0
benchmarks/spec2006/400.perlbench.bc:liveness:S_deb_curcv	benchmarks/spec2006/400.perlbench.bc	S_deb_curcv	liveness	adt-delayed	adt-delayed	expression-aware	expression-aware	ok	none	1	612	370972	13	53	19	0	0	0	0	0	0	0	0	0
benchmarks/spec2006/400.perlbench.bc:liveness:Perl_watch	benchmarks/spec2006/400.perlbench.bc	Perl_watch	liveness	adt-delayed	adt-delayed	expression-aware	expression-aware	ok	none	1	202	370972	1	11	0	0	0	0	0	0	0	0	0	0
benchmarks/spec2006/400.perlbench.bc:liveness:Perl_debprofdump	benchmarks/spec2006/400.perlbench.bc	Perl_debprofdump	liveness	adt-delayed	adt-delayed	expression-aware	expression-aware	ok	none	1	1428	370972	9	32	11	0	0	0	0	0	0	0	50	0
benchmarks/spec2006/400.perlbench.bc:liveness:Perl_fprintf_nocontext	benchmarks/spec2006/400.perlbench.bc	Perl_fprintf_nocontext	liveness	adt-delayed	adt-delayed	expression-aware	expression-aware	ok	none	1	192	370972	1	10	0	0	0	0	0	0	0	0	0	0
benchmarks/spec2006/400.perlbench.bc:liveness:Perl_printf_nocontext	benchmarks/spec2006/400.perlbench.bc	Perl_printf_nocontext	liveness	adt-delayed	adt-delayed	expression-aware	expression-aware	ok	none	1	182	370972	1	10	0	0	0	0	0	0	0	0	0	0
benchmarks/spec2006/400.perlbench.bc:liveness:Perl_gv_AVadd	benchmarks/spec2006/400.perlbench.bc	Perl_gv_AVadd	liveness	adt-delayed	adt-delayed	expression-aware	expression-aware	ok	none	1	817	370972	6	28	8	0	0	0	0	0	0	0	0	0
benchmarks/spec2006/400.perlbench.bc:liveness:Perl_gv_HVadd	benchmarks/spec2006/400.perlbench.bc	Perl_gv_HVadd	liveness	adt-delayed	adt-delayed	expression-aware	expression-aware	ok	none	1	832	370972	6	28	8	0	0	0	0	0	0	0	0	0
benchmarks/spec2006/400.perlbench.bc:liveness:Perl_gv_IOadd	benchmarks/spec2006/400.perlbench.bc	Perl_gv_IOadd	liveness	adt-delayed	adt-delayed	expression-aware	expression-aware	ok	none	1	816	370972	6	28	8	0	0	0	0	0	0	0	0	0
benchmarks/spec2006/400.perlbench.bc:liveness:Perl_newIO	benchmarks/spec2006/400.perlbench.bc	Perl_newIO	liveness	adt-delayed	adt-delayed	expression-aware	expression-aware	ok	none	1	4071	370972	7	71	10	0	0	0	0	0	0	0	0	0
benchmarks/spec2006/400.perlbench.bc:liveness:Perl_av_reify	benchmarks/spec2006/400.perlbench.bc	Perl_av_reify	liveness	adt-delayed	adt-delayed	star-risk	star-risk	ok	none	1	2598	370972	17	121	22	0	0	0	0	0	0	0	28	0
benchmarks/spec2006/400.perlbench.bc:liveness:Perl_av_extend	benchmarks/spec2006/400.perlbench.bc	Perl_av_extend	liveness	adt-delayed	adt-delayed	star-risk	star-risk	ok	none	1	9733	370972	62	593	87	0	0	0	0	0	0	0	20	0
benchmarks/spec2006/400.perlbench.bc:liveness:Perl_av_fetch	benchmarks/spec2006/400.perlbench.bc	Perl_av_fetch	liveness	adt-delayed	adt-delayed	star-risk	star-risk	ok	none	1	4219	370972	60	348	95	0	0	0	0	0	0	0	0	0
benchmarks/spec2006/400.perlbench.bc:liveness:Perl_av_store	benchmarks/spec2006/400.perlbench.bc	Perl_av_store	liveness	adt-delayed	adt-delayed	star-risk	star-risk	ok	none	1	29847	370972	79	424	122	0	0	0	0	0	0	0	0	0
benchmarks/spec2006/400.perlbench.bc:liveness:Perl_newAV	benchmarks/spec2006/400.perlbench.bc	Perl_newAV	liveness	adt-delayed	adt-delayed	star-risk	star-risk	ok	none	1	816	370972	1	31	0	0	0	0	0	0	0	0	0	0
benchmarks/spec2006/400.perlbench.bc:liveness:Perl_av_make	benchmarks/spec2006/400.perlbench.bc	Perl_av_make	liveness	adt-delayed	adt-delayed	star-risk	star-risk	ok	none	1	1781	370972	7	65	8	0	0	0	0	0	0	0	42	0
benchmarks/spec2006/400.perlbench.bc:liveness:Perl_av_fake	benchmarks/spec2006/400.perlbench.bc	Perl_av_fake	liveness	adt-delayed	adt-delayed	star-risk	star-risk	ok	none	1	1223	370972	4	62	4	0	0	0	0	0	0	0	32	0
benchmarks/spec2006/400.perlbench.bc:liveness:Perl_av_clear	benchmarks/spec2006/400.perlbench.bc	Perl_av_clear	liveness	adt-delayed	adt-delayed	star-risk	star-risk	ok	none	1	5189	370972	17	105	23	0	0	0	0	0	0	0	30	0
benchmarks/spec2006/400.perlbench.bc:liveness:Perl_av_undef	benchmarks/spec2006/400.perlbench.bc	Perl_av_undef	liveness	adt-delayed	adt-delayed	star-risk	star-risk	ok	none	1	2974	370972	14	90	20	0	0	0	0	0	0	0	32	0
benchmarks/spec2006/400.perlbench.bc:liveness:Perl_av_fill	benchmarks/spec2006/400.perlbench.bc	Perl_av_fill	liveness	adt-delayed	adt-delayed	star-risk	star-risk	ok	none	1	4754	370972	43	330	61	0	0	0	0	0	0	0	0	0
benchmarks/spec2006/400.perlbench.bc:liveness:Perl_av_push	benchmarks/spec2006/400.perlbench.bc	Perl_av_push	liveness	adt-delayed	adt-delayed	star-risk	star-risk	ok	none	1	4419	370972	28	254	40	0	0	0	0	0	0	0	0	0
benchmarks/spec2006/400.perlbench.bc:liveness:Perl_av_pop	benchmarks/spec2006/400.perlbench.bc	Perl_av_pop	liveness	adt-delayed	adt-delayed	star-risk	star-risk	ok	none	1	5057	370972	38	309	54	0	0	0	0	0	0	0	0	0
benchmarks/spec2006/400.perlbench.bc:liveness:Perl_av_unshift	benchmarks/spec2006/400.perlbench.bc	Perl_av_unshift	liveness	adt-delayed	adt-delayed	star-risk	star-risk	ok	none	1	9860	370972	47	414	68	0	0	0	0	0	0	0	96	0
benchmarks/spec2006/400.perlbench.bc:liveness:Perl_av_shift	benchmarks/spec2006/400.perlbench.bc	Perl_av_shift	liveness	adt-delayed	adt-delayed	star-risk	star-risk	ok	none	1	6737	370972	40	330	57	0	0	0	0	0	0	0	0	0
benchmarks/spec2006/400.perlbench.bc:liveness:Perl_av_len	benchmarks/spec2006/400.perlbench.bc	Perl_av_len	liveness	adt-delayed	adt-delayed	star-risk	star-risk	ok	none	1	385	370972	4	19	4	0	0	0	0	0	0	0	0	0
benchmarks/spec2006/400.perlbench.bc:liveness:Perl_av_delete	benchmarks/spec2006/400.perlbench.bc	Perl_av_delete	liveness	adt-delayed	adt-delayed	star-risk	star-risk	ok	none	1	72898	370972	73	390	112	0	0	0	0	0	0	0	0	0
benchmarks/spec2006/400.perlbench.bc:liveness:Perl_av_exists	benchmarks/spec2006/400.perlbench.bc	Perl_av_exists	liveness	adt-delayed	adt-delayed	star-risk	star-risk	ok	none	1	17822	370972	70	366	108	0	0	0	0	0	0	0	0	0
benchmarks/spec2006/400.perlbench.bc:liveness:Perl_avhv_keys	benchmarks/spec2006/400.perlbench.bc	Perl_avhv_keys	liveness	adt-delayed	adt-delayed	star-risk	star-risk	ok	none	1	7424	370972	18	82	28	0	0	0	0	0	0	0	0	0
benchmarks/spec2006/400.perlbench.bc:liveness:Perl_avhv_store_ent	benchmarks/spec2006/400.perlbench.bc	Perl_avhv_store_ent	liveness	adt-delayed	adt-delayed	star-risk	star-risk	ok	none	1	157	370972	1	7	0	0	0	0	0	0	0	0	0	0
benchmarks/spec2006/400.perlbench.bc:liveness:S_avhv_index	benchmarks/spec2006/400.perlbench.bc	S_avhv_index	liveness	adt-delayed	adt-delayed	star-risk	star-risk	ok	none	1	818	370972	6	37	7	0	0	0	0	0	0	0	0	0
benchmarks/spec2006/400.perlbench.bc:liveness:S_avhv_index_sv	benchmarks/spec2006/400.perlbench.bc	S_avhv_index_sv	liveness	adt-delayed	adt-delayed	star-risk	star-risk	ok	none	1	423	370972	6	22	7	0	0	0	0	0	0	0	0	0
benchmarks/spec2006/400.perlbench.bc:liveness:Perl_avhv_fetch_ent	benchmarks/spec2006/400.perlbench.bc	Perl_avhv_fetch_ent	liveness	adt-delayed	adt-delayed	star-risk	star-risk	ok	none	1	140	370972	1	7	0	0	0	0	0	0	0	0	0	0
benchmarks/spec2006/400.perlbench.bc:liveness:Perl_avhv_delete_ent	benchmarks/spec2006/400.perlbench.bc	Perl_avhv_delete_ent	liveness	adt-delayed	adt-delayed	star-risk	star-risk	ok	none	1	628	370972	5	25	6	0	0	0	0	0	0	0	0	0
benchmarks/spec2006/400.perlbench.bc:liveness:Perl_avhv_exists_ent	benchmarks/spec2006/400.perlbench.bc	Perl_avhv_exists_ent	liveness	adt-delayed	adt-delayed	star-risk	star-risk	ok	none	1	573	370972	5	24	6	0	0	0	0	0	0	0	0	0
benchmarks/spec2006/400.perlbench.bc:liveness:Perl_avhv_iternext	benchmarks/spec2006/400.perlbench.bc	Perl_avhv_iternext	liveness	adt-delayed	adt-delayed	star-risk	star-risk	ok	none	1	95	370972	1	5	0	0	0	0	0	0	0	0	0	0
benchmarks/spec2006/400.perlbench.bc:liveness:Perl_avhv_iterval	benchmarks/spec2006/400.perlbench.bc	Perl_avhv_iterval	liveness	adt-delayed	adt-delayed	star-risk	star-risk	ok	none	1	158	370972	1	9	0	0	0	0	0	0	0	0	0	0
benchmarks/spec2006/400.perlbench.bc:liveness:Perl_deb	benchmarks/spec2006/400.perlbench.bc	Perl_deb	liveness	adt-delayed	adt-delayed	star-risk	star-risk	ok	none	1	37	370972	1	2	0	0	0	0	0	0	0	0	0	0
benchmarks/spec2006/400.perlbench.bc:liveness:Perl_vdeb	benchmarks/spec2006/400.perlbench.bc	Perl_vdeb	liveness	adt-delayed	adt-delayed	star-risk	star-risk	ok	none	1	50	370972	1	3	0	0	0	0	0	0	0	0	0	0
benchmarks/spec2006/400.perlbench.bc:liveness:Perl_debstackptrs	benchmarks/spec2006/400.perlbench.bc	Perl_debstackptrs	liveness	adt-delayed	adt-delayed	star-risk	star-risk	ok	none	1	17	370972	1	1	0	0	0	0	0	0	0	0	0	0
benchmarks/spec2006/400.perlbench.bc:liveness:Perl_debstack	benchmarks/spec2006/400.perlbench.bc	Perl_debstack	liveness	adt-delayed	adt-delayed	star-risk	star-risk	ok	none	1	1021	370972	5	34	6	0	0	0	0	0	0	0	0	0
benchmarks/spec2006/400.perlbench.bc:liveness:S_deb_stack_n	benchmarks/spec2006/400.perlbench.bc	S_deb_stack_n	liveness	adt-delayed	adt-delayed	star-risk	star-risk	ok	none	1	103	370972	1	6	0	0	0	0	0	0	0	0	0	0
benchmarks/spec2006/400.perlbench.bc:liveness:Perl_deb_stack_all	benchmarks/spec2006/400.perlbench.bc	Perl_deb_stack_all	liveness	adt-delayed	adt-delayed	star-risk	star-risk	ok	none	1	19	370972	1	1	0	0	0	0	0	0	0	0	0	0
benchmarks/spec2006/400.perlbench.bc:liveness:Perl_do_open	benchmarks/spec2006/400.perlbench.bc	Perl_do_open	liveness	adt-delayed	adt-delayed	star-risk	star-risk	ok	none	1	171	370972	1	9	0	0	0	0	0	0	0	0	0	0
benchmarks/spec2006/400.perlbench.bc:liveness:Perl_do_openn	benchmarks/spec2006/400.perlbench.bc	Perl_do_openn	liveness	adt-delayed	adt-delayed	star-risk	star-risk	ok	none	1	48508	370972	473	2201	742	0	0	0	0	0	0	0	0	0
benchmarks/spec2006/400.perlbench.bc:liveness:Perl_do_open9	benchmarks/spec2006/400.perlbench.bc	Perl_do_open9	liveness	adt-delayed	adt-delayed	star-risk	star-risk	ok	none	1	356	370972	1	13	0	0	0	0	0	0	0	0	0	0
benchmarks/spec2006/400.perlbench.bc:liveness:Perl_nextargv	benchmarks/spec2006/400.perlbench.bc	Perl_nextargv	liveness	adt-delayed	adt-delayed	star-risk	star-risk	fallback-to-state	adt-rejected	0	1571135	370972	104	650	164	0	0	0	0	0	0	0	1905	0
benchmarks/spec2006/400.perlbench.bc:liveness:Perl_do_close	benchmarks/spec2006/400.perlbench.bc	Perl_do_close	liveness	adt-delayed	adt-delayed	star-risk	star-risk	ok	none	1	4956	370972	27	127	42	0	0	0	0	0	0	0	0	0
benchmarks/spec2006/400.perlbench.bc:liveness:Perl_io_close	benchmarks/spec2006/400.perlbench.bc	Perl_io_close	liveness	adt-delayed	adt-delayed	star-risk	star-risk	ok	none	1	2331	370972	25	146	34	0	0	0	0	0	0	0	0	0
benchmarks/spec2006/400.perlbench.bc:liveness:Perl_do_eof	benchmarks/spec2006/400.perlbench.bc	Perl_do_eof	liveness	adt-delayed	adt-delayed	star-risk	star-risk	fallback-to-state	adt-rejected	0	69813	370972	38	169	58	0	0	0	0	0	0	0	154	0
benchmarks/spec2006/400.perlbench.bc:liveness:Perl_do_tell	benchmarks/spec2006/400.perlbench.bc	Perl_do_tell	liveness	adt-delayed	adt-delayed	star-risk	star-risk	ok	none	1	11185	370972	19	105	31	0	0	0	0	0	0	0	0	0
benchmarks/spec2006/400.perlbench.bc:liveness:Perl_do_seek	benchmarks/spec2006/400.perlbench.bc	Perl_do_seek	liveness	adt-delayed	adt-delayed	star-risk	star-risk	ok	none	1	11670	370972	19	110	31	0	0	0	0	0	0	0	0	0
benchmarks/spec2006/400.perlbench.bc:liveness:Perl_do_sysseek	benchmarks/spec2006/400.perlbench.bc	Perl_do_sysseek	liveness	adt-delayed	adt-delayed	star-risk	star-risk	ok	none	1	11721	370972	19	108	31	0	0	0	0	0	0	0	0	0
benchmarks/spec2006/400.perlbench.bc:liveness:Perl_mode_from_discipline	benchmarks/spec2006/400.perlbench.bc	Perl_mode_from_discipline	liveness	adt-delayed	adt-delayed	star-risk	star-risk	ok	none	1	97635	370972	47	216	77	0	0	0	0	0	0	0	212	0
benchmarks/spec2006/400.perlbench.bc:liveness:Perl_do_binmode	benchmarks/spec2006/400.perlbench.bc	Perl_do_binmode	liveness	adt-delayed	adt-delayed	star-risk	star-risk	ok	none	1	1794	370972	1	6	0	0	0	0	0	0	0	0	0	0
benchmarks/spec2006/400.perlbench.bc:liveness:Perl_do_print	benchmarks/spec2006/400.perlbench.bc	Perl_do_print	liveness	adt-delayed	adt-delayed	star-risk	star-risk	ok	none	1	4093	370972	54	266	85	0	0	0	0	0	0	0	0	0
benchmarks/spec2006/400.perlbench.bc:liveness:Perl_my_stat	benchmarks/spec2006/400.perlbench.bc	Perl_my_stat	liveness	adt-delayed	adt-delayed	star-risk	star-risk	ok	none	1	12006	370972	43	267	69	0	0	0	0	0	0	0	0	0
benchmarks/spec2006/400.perlbench.bc:liveness:Perl_my_lstat	benchmarks/spec2006/400.perlbench.bc	Perl_my_lstat	liveness	adt-delayed	adt-delayed	star-risk	star-risk	ok	none	1	241092	370972	50	337	80	0	0	0	0	0	0	0	0	0
benchmarks/spec2006/400.perlbench.bc:liveness:Perl_do_aexec	benchmarks/spec2006/400.perlbench.bc	Perl_do_aexec	liveness	adt-delayed	adt-delayed	star-risk	star-risk	ok	none	1	135	370972	1	5	0	0	0	0	0	0	0	0	0	0
benchmarks/spec2006/400.perlbench.bc:liveness:Perl_do_aexec5	benchmarks/spec2006/400.perlbench.bc	Perl_do_aexec5	liveness	adt-delayed	adt-delayed	star-risk	star-risk	ok	none	1	19042	370972	40	199	60	0	0	0	0	0	0	0	36	0
benchmarks/spec2006/400.perlbench.bc:liveness:Perl_do_execfree	benchmarks/spec2006/400.perlbench.bc	Perl_do_execfree	liveness	adt-delayed	adt-delayed	star-risk	star-risk	ok	none	1	401	370972	5	16	6	0	0	0	0	0	0	0	0	0
benchmarks/spec2006/400.perlbench.bc:liveness:Perl_do_exec	benchmarks/spec2006/400.perlbench.bc	Perl_do_exec	liveness	adt-delayed	adt-delayed	star-risk	star-risk	ok	none	1	60	370972	1	3	0	0	0	0	0	0	0	0	0	0
benchmarks/spec2006/400.perlbench.bc:liveness:Perl_do_exec3	benchmarks/spec2006/400.perlbench.bc	Perl_do_exec3	liveness	adt-delayed	adt-delayed	star-risk	star-risk	fallback-to-state	adt-rejected	0	1601050	370972	142	595	233	0	0	0	0	0	0	0	7594	0
benchmarks/spec2006/400.perlbench.bc:liveness:Perl_apply	benchmarks/spec2006/400.perlbench.bc	Perl_apply	liveness	adt-delayed	adt-delayed	star-risk	star-risk	fallback-to-state	adt-rejected	0	114376	370972	63	250	91	0	0	0	0	0	0	0	646	0
benchmarks/spec2006/400.perlbench.bc:liveness:Perl_cando	benchmarks/spec2006/400.perlbench.bc	Perl_cando	liveness	adt-delayed	adt-delayed	star-risk	star-risk	ok	none	1	909	370972	28	71	38	0	0	0	0	0	0	0	0	0
benchmarks/spec2006/400.perlbench.bc:liveness:Perl_ingroup	benchmarks/spec2006/400.perlbench.bc	Perl_ingroup	liveness	adt-delayed	adt-delayed	star-risk	star-risk	ok	none	1	343	370972	7	15	8	0	0	0	0	0	0	0	0	0
benchmarks/spec2006/400.perlbench.bc:liveness:Perl_start_glob	benchmarks/spec2006/400.perlbench.bc	Perl_start_glob	liveness	adt-delayed	adt-delayed	star-risk	star-risk	ok	none	1	3400	370972	1	33	0	0	0	0	0	0	0	0	0	0
benchmarks/spec2006/400.perlbench.bc:liveness:Perl_do_trans	benchmarks/spec2006/400.perlbench.bc	Perl_do_trans	liveness	adt-delayed	adt-delayed	star-risk	star-risk	ok	none	1	7936	370972	30	130	44	0	0	0	0	0	0	0	0	0
benchmarks/spec2006/400.perlbench.bc:liveness:S_do_trans_simple_utf8	benchmarks/spec2006/400.perlbench.bc	S_do_trans_simple_utf8	liveness	adt-delayed	adt-delayed	star-risk	star-risk	fallback-to-state	adt-rejected	0	356881	370972	52	338	72	0	0	0	0	0	0	0	698	0
benchmarks/spec2006/400.perlbench.bc:liveness:S_do_trans_simple	benchmarks/spec2006/400.perlbench.bc	S_do_trans_simple	liveness	adt-delayed	adt-delayed	star-risk	star-risk	ok	none	1	9817	370972	32	183	43	0	0	0	0	0	0	0	78	0
benchmarks/spec2006/400.perlbench.bc:liveness:S_do_trans_count_utf8	benchmarks/spec2006/400.perlbench.bc	S_do_trans_count_utf8	liveness	adt-delayed	adt-delayed	star-risk	star-risk	fallback-to-state	adt-rejected	0	47003	370972	27	150	37	0	0	0	0	0	0	0	385	0
benchmarks/spec2006/400.perlbench.bc:liveness:S_do_trans_count	benchmarks/spec2006/400.perlbench.bc	S_do_trans_count	liveness	adt-delayed	adt-delayed	star-risk	star-risk	ok	none	1	3703	370972	24	117	32	0	0	0	0	0	0	0	56	0
benchmarks/spec2006/400.perlbench.bc:liveness:S_do_trans_complex_utf8	benchmarks/spec2006/400.perlbench.bc	S_do_trans_complex_utf8	liveness	adt-delayed	adt-delayed	star-risk	star-risk	fallback-to-state	adt-rejected	0	1019533	370972	80	509	113	0	0	0	0	0	0	0	1536	0
benchmarks/spec2006/400.perlbench.bc:liveness:S_do_trans_complex	benchmarks/spec2006/400.perlbench.bc	S_do_trans_complex	liveness	adt-delayed	adt-delayed	star-risk	star-risk	ok	none	1	17642	370972	102	517	140	0	0	0	0	0	0	0	94	0
benchmarks/spec2006/400.perlbench.bc:liveness:Perl_do_join	benchmarks/spec2006/400.perlbench.bc	Perl_do_join	liveness	adt-delayed	adt-delayed	star-risk	star-risk	ok	none	1	4016	370972	46	237	64	0	0	0	0	0	0	0	28	0
benchmarks/spec2006/400.perlbench.bc:liveness:Perl_do_sprintf	benchmarks/spec2006/400.perlbench.bc	Perl_do_sprintf	liveness	adt-delayed	adt-delayed	star-risk	star-risk	ok	none	1	3448	370972	13	76	18	0	0	0	0	0	0	0	0	0
benchmarks/spec2006/400.perlbench.bc:liveness:Perl_do_vecget	benchmarks/spec2006/400.perlbench.bc	Perl_do_vecget	liveness	adt-delayed	adt-delayed	star-risk	star-risk	ok	none	1	54099	370972	87	648	124	0	0	0	0	0	0	0	0	0
benchmarks/spec2006/400.perlbench.bc:liveness:Perl_do_vecset	benchmarks/spec2006/400.perlbench.bc	Perl_do_vecset	liveness	adt-delayed	adt-delayed	star-risk	star-risk	ok	none	1	71363	370972	44	327	64	0	0	0	0	0	0	0	0	0
benchmarks/spec2006/400.perlbench.bc:liveness:Perl_do_chop	benchmarks/spec2006/400.perlbench.bc	Perl_do_chop	liveness	adt-delayed	adt-delayed	star-risk	star-risk	ok	none	1	3362	370972	58	254	82	0	0	0	0	0	0	0	0	0
benchmarks/spec2006/400.perlbench.bc:liveness:Perl_do_chomp	benchmarks/spec2006/400.perlbench.bc	Perl_do_chomp	liveness	adt-delayed	adt-delayed	star-risk	star-risk	ok	none	1	23237	370972	92	491	129	0	0	0	0	0	0	0	0	0
benchmarks/spec2006/400.perlbench.bc:liveness:Perl_do_vop	benchmarks/spec2006/400.perlbench.bc	Perl_do_vop	liveness	adt-delayed	adt-delayed	star-risk	star-risk	ok	none	1	18087	370972	141	894	207	0	0	0	0	0	0	0	52	0
benchmarks/spec2006/400.perlbench.bc:liveness:Perl_do_kv	benchmarks/spec2006/400.perlbench.bc	Perl_do_kv	liveness	adt-delayed	adt-delayed	star-risk	star-risk	ok	none	1	19328	370972	67	395	98	0	0	0	0	0	0	0	120	0
benchmarks/spec2006/400.perlbench.bc:liveness:Perl_dump_indent	benchmarks/spec2006/400.perlbench.bc	Perl_dump_indent	liveness	adt-delayed	adt-delayed	star-risk	star-risk	ok	none	1	302	370972	1	13	0	0	0	0	0	0	0	0	0	0
benchmarks/spec2006/400.perlbench.bc:liveness:Perl_dump_vindent	benchmarks/spec2006/400.perlbench.bc	Perl_dump_vindent	liveness	adt-delayed	adt-delayed	star-risk	star-risk	ok	none	1	193	370972	1	10	0	0	0	0	0	0	0	0	0	0
benchmarks/spec2006/400.perlbench.bc:liveness:Perl_dump_all	benchmarks/spec2006/400.perlbench.bc	Perl_dump_all	liveness	adt-delayed	adt-delayed	star-risk	star-risk	ok	none	1	232	370972	3	11	3	0	0	0	0	0	0	0	0	0
benchmarks/spec2006/400.perlbench.bc:liveness:Perl_op_dump	benchmarks/spec2006/400.perlbench.bc	Perl_op_dump	liveness	adt-delayed	adt-delayed	star-risk	star-risk	ok	none	1	71	370972	1	4	0	0	0	0	0	0	0	0	0	0
benchmarks/spec2006/400.perlbench.bc:liveness:Perl_dump_packsubs	benchmarks/spec2006/400.perlbench.bc	Perl_dump_packsubs	liveness	adt-delayed	adt-delayed	star-risk	star-risk	ok	none	1	17348	370972	24	117	35	0	0	0	0	0	0	0	160	0
benchmarks/spec2006/400.perlbench.bc:liveness:Perl_dump_sub	benchmarks/spec2006/400.perlbench.bc	Perl_dump_sub	liveness	adt-delayed	adt-delayed	star-risk	star-risk	ok	none	1	1611	370972	7	77	8	0	0	0	0	0	0	0	0	0
benchmarks/spec2006/400.perlbench.bc:liveness:Perl_dump_form	benchmarks/spec2006/400.perlbench.bc	Perl_dump_form	liveness	adt-delayed	adt-delayed	star-risk	star-risk	ok	none	1	759	370972	4	39	4	0	0	0	0	0	0	0	0	0
benchmarks/spec2006/400.perlbench.bc:liveness:Perl_do_op_dump	benchmarks/spec2006/400.perlbench.bc	Perl_do_op_dump	liveness	adt-delayed	adt-delayed	star-risk	star-risk	ok	none	1	124319	370972	287	1102	443	0	0	0	0	0	0	0	20	0
benchmarks/spec2006/400.perlbench.bc:liveness:Perl_sv_peek	benchmarks/spec2006/400.perlbench.bc	Perl_sv_peek	liveness	adt-delayed	adt-delayed	star-risk	star-risk	fallback-to-state	adt-rejected	0	861463	370972	111	452	169	0	0	0	0	0	0	0	1685	0
benchmarks/spec2006/400.perlbench.bc:liveness:Perl_do_pmop_dump	benchmarks/spec2006/400.perlbench.bc	Perl_do_pmop_dump	liveness	adt-delayed	adt-delayed	star-risk	star-risk	ok	none	1	36110	370972	48	217	72	0	0	0	0	0	0	0	0	0
benchmarks/spec2006/400.perlbench.bc:liveness:Perl_pv_display	benchmarks/spec2006/400.perlbench.bc	Perl_pv_display	liveness	adt-delayed	adt-delayed	star-risk	star-risk	fallback-to-state	adt-rejected	0	30927	370972	32	110	49	0	0	0	0	0	0	0	90	0
benchmarks/spec2006/400.perlbench.bc:liveness:Perl_dump_eval	benchmarks/spec2006/400.perlbench.bc	Perl_dump_eval	liveness	adt-delayed	adt-delayed	star-risk	star-risk	ok	none	1	98	370972	1	3	0	0	0	0	0	0	0	0	0	0
benchmarks/spec2006/400.perlbench.bc:liveness:Perl_pmop_dump	benchmarks/spec2006/400.perlbench.bc	Perl_pmop_dump	liveness	adt-delayed	adt-delayed	star-risk	star-risk	ok	none	1	76	370972	1	4	0	0	0	0	0	0	0	0	0	0
benchmarks/spec2006/400.perlbench.bc:liveness:Perl_gv_dump	benchmarks/spec2006/400.perlbench.bc	Perl_gv_dump	liveness	adt-delayed	adt-delayed	star-risk	star-risk	ok	none	1	1541	370972	6	47	7	0	0	0	0	0	0	0	0	0
benchmarks/spec2006/400.perlbench.bc:liveness:Perl_do_magic_dump	benchmarks/spec2006/400.perlbench.bc	Perl_do_magic_dump	liveness	adt-delayed	adt-delayed	star-risk	star-risk	fallback-to-state	adt-rejected	0	2742126	370972	132	421	180	0	0	0	0	0	0	0	4092	0
benchmarks/spec2006/400.perlbench.bc:liveness:Perl_do_sv_dump	benchmarks/spec2006/400.perlbench.bc	Perl_do_sv_dump	liveness	adt-delayed	adt-delayed	star-risk	star-risk	ok	none	1	191099	370972	307	1858	466	0	0	0	0	0	0	0	0	0
benchmarks/spec2006/400.perlbench.bc:liveness:Perl_do_hv_dump	benchmarks/spec2006/400.perlbench.bc	Perl_do_hv_dump	liveness	adt-delayed	adt-delayed	star-risk	star-risk	ok	none	1	556	370972	5	23	6	0	0	0	0	0	0	0	0	0
benchmarks/spec2006/400.perlbench.bc:liveness:Perl_do_gvgv_dump	benchmarks/spec2006/400.perlbench.bc	Perl_do_gvgv_dump	liveness	adt-delayed	adt-delayed	star-risk	star-risk	ok	none	1	861	370972	8	50	11	0	0	0	0	0	0	0	0	0
benchmarks/spec2006/400.perlbench.bc:liveness:Perl_do_gv_dump	benchmarks/spec2006/400.perlbench.bc	Perl_do_gv_dump	liveness	adt-delayed	adt-delayed	star-risk	star-risk	ok	none	1	516	370972	5	23	6	0	0	0	0	0	0	0	0	0
benchmarks/spec2006/400.perlbench.bc:liveness:Perl_magic_dump	benchmarks/spec2006/400.perlbench.bc	Perl_magic_dump	liveness	adt-delayed	adt-delayed	star-risk	star-risk	ok	none	1	81	370972	1	4	0	0	0	0	0	0	0	0	0	0
benchmarks/spec2006/400.perlbench.bc:liveness:Perl_sv_dump	benchmarks/spec2006/400.perlbench.bc	Perl_sv_dump	liveness	adt-delayed	adt-delayed	star-risk	star-risk	ok	none	1	71	370972	1	4	0	0	0	0	0	0	0	0	0	0
benchmarks/spec2006/400.perlbench.bc:liveness:Perl_runops_debug	benchmarks/spec2006/400.perlbench.bc	Perl_runops_debug	liveness	adt-delayed	adt-delayed	star-risk	star-risk	ok	none	1	7571	370972	28	103	41	0	0	0	0	0	0	0	64	0
benchmarks/spec2006/400.perlbench.bc:liveness:Perl_debop	benchmarks/spec2006/400.perlbench.bc	Perl_debop	liveness	adt-delayed	adt-delayed	star-risk	star-risk	ok	none	1	3204	370972	28	130	41	0	0	0	0	0	0	0	0	0
benchmarks/spec2006/400.perlbench.bc:liveness:S_debprof	benchmarks/spec2006/400.perlbench.bc	S_debprof	liveness	adt-delayed	adt-delayed	star-risk	star-risk	ok	none	1	1058	370972	7	32	9	0	0	0	0	0	0	0	0	0
benchmarks/spec2006/400.perlbench.bc:liveness:S_deb_curcv	benchmarks/spec2006/400.perlbench.bc	S_deb_curcv	liveness	adt-delayed	adt-delayed	star-risk	star-risk	ok	none	1	616	370972	13	53	19	0	0	0	0	0	0	0	0	0
benchmarks/spec2006/400.perlbench.bc:liveness:Perl_watch	benchmarks/spec2006/400.perlbench.bc	Perl_watch	liveness	adt-delayed	adt-delayed	star-risk	star-risk	ok	none	1	219	370972	1	11	0	0	0	0	0	0	0	0	0	0
benchmarks/spec2006/400.perlbench.bc:liveness:Perl_debprofdump	benchmarks/spec2006/400.perlbench.bc	Perl_debprofdump	liveness	adt-delayed	adt-delayed	star-risk	star-risk	ok	none	1	1436	370972	9	32	11	0	0	0	0	0	0	0	50	0
benchmarks/spec2006/400.perlbench.bc:liveness:Perl_fprintf_nocontext	benchmarks/spec2006/400.perlbench.bc	Perl_fprintf_nocontext	liveness	adt-delayed	adt-delayed	star-risk	star-risk	ok	none	1	206	370972	1	10	0	0	0	0	0	0	0	0	0	0
benchmarks/spec2006/400.perlbench.bc:liveness:Perl_printf_nocontext	benchmarks/spec2006/400.perlbench.bc	Perl_printf_nocontext	liveness	adt-delayed	adt-delayed	star-risk	star-risk	ok	none	1	186	370972	1	10	0	0	0	0	0	0	0	0	0	0
benchmarks/spec2006/400.perlbench.bc:liveness:Perl_gv_AVadd	benchmarks/spec2006/400.perlbench.bc	Perl_gv_AVadd	liveness	adt-delayed	adt-delayed	star-risk	star-risk	ok	none	1	807	370972	6	28	8	0	0	0	0	0	0	0	0	0
benchmarks/spec2006/400.perlbench.bc:liveness:Perl_gv_HVadd	benchmarks/spec2006/400.perlbench.bc	Perl_gv_HVadd	liveness	adt-delayed	adt-delayed	star-risk	star-risk	ok	none	1	836	370972	6	28	8	0	0	0	0	0	0	0	0	0
benchmarks/spec2006/400.perlbench.bc:liveness:Perl_gv_IOadd	benchmarks/spec2006/400.perlbench.bc	Perl_gv_IOadd	liveness	adt-delayed	adt-delayed	star-risk	star-risk	ok	none	1	868	370972	6	28	8	0	0	0	0	0	0	0	0	0
benchmarks/spec2006/400.perlbench.bc:liveness:Perl_newIO	benchmarks/spec2006/400.perlbench.bc	Perl_newIO	liveness	adt-delayed	adt-delayed	star-risk	star-risk	ok	none	1	4118	370972	7	71	10	0	0	0	0	0	0	0	0	0
benchmarks/spec2006/400.perlbench.bc:liveness:Perl_gv_fetchpv	benchmarks/spec2006/400.perlbench.bc	Perl_gv_fetchpv	liveness	adt-delayed	adt-delayed	star-risk	star-risk	fallback-to-state	adt-rejected	0	4043779	370972	290	1359	515	0	0	0	0	0	0	0	2669	0
benchmarks/spec2006/400.perlbench.bc:liveness:Perl_gv_init	benchmarks/spec2006/400.perlbench.bc	Perl_gv_init	liveness	adt-delayed	adt-delayed	star-risk	star-risk	ok	none	1	121236	370972	45	347	67	0	0	0	0	0	0	0	0	0
benchmarks/spec2006/400.perlbench.bc:liveness:S_gv_init_sv	benchmarks/spec2006/400.perlbench.bc	S_gv_init_sv	liveness	adt-delayed	adt-delayed	star-risk	star-risk	ok	none	1	1585	370972	18	94	27	0	0	0	0	0	0	0	0	0
benchmarks/spec2006/400.perlbench.bc:liveness:S_require_errno	benchmarks/spec2006/400.perlbench.bc	S_require_errno	liveness	adt-delayed	adt-delayed	star-risk	star-risk	ok	none	1	5042	370972	7	29	10	0	0	0	0	0	0	0	0	0
benchmarks/spec2006/400.perlbench.bc:liveness:Perl_gv_stashpvn	benchmarks/spec2006/400.perlbench.bc	Perl_gv_stashpvn	liveness	adt-delayed	adt-delayed	star-risk	star-risk	ok	none	1	4771	370972	13	84	17	0	0	0	0	0	0	0	0	0
benchmarks/spec2006/400.perlbench.bc:liveness:Perl_gv_fetchmethod	benchmarks/spec2006/400.perlbench.bc	Perl_gv_fetchmethod	liveness	adt-delayed	adt-delayed	star-risk	star-risk	ok	none	1	87	370972	1	4	0	0	0	0	0	0	0	0	0	0
benchmarks/spec2006/400.perlbench.bc:liveness:Perl_gv_fetchmethod_autoload	benchmarks/spec2006/400.perlbench.bc	Perl_gv_fetchmethod_autoload	liveness	adt-delayed	adt-delayed	star-risk	star-risk	ok	none	1	35625	370972	51	266	75	0	0	0	0	0	0	0	74	0
benchmarks/spec2006/400.perlbench.bc:liveness:Perl_gv_fetchmeth	benchmarks/spec2006/400.perlbench.bc	Perl_gv_fetchmeth	liveness	adt-delayed	adt-delayed	star-risk	star-risk	fallback-to-state	adt-rejected	0	8723853	370972	90	462	139	0	0	0	0	0	0	0	330	0
benchmarks/spec2006/400.perlbench.bc:liveness:Perl_gv_autoload4	benchmarks/spec2006/400.perlbench.bc	Perl_gv_autoload4	liveness	adt-delayed	adt-delayed	star-risk	star-risk	ok	none	1	69844	370972	35	221	55	0	0	0	0	0	0	0	0	0
benchmarks/spec2006/400.perlbench.bc:liveness:Perl_gv_stashsv	benchmarks/spec2006/400.perlbench.bc	Perl_gv_stashsv	liveness	adt-delayed	adt-delayed	star-risk	star-risk	ok	none	1	600	370972	4	29	4	0	0	0	0	0	0	0	0	0
benchmarks/spec2006/400.perlbench.bc:liveness:Perl_gp_ref	benchmarks/spec2006/400.perlbench.bc	Perl_gp_ref	liveness	adt-delayed	adt-delayed	star-risk	star-risk	ok	none	1	706	370972	9	33	11	0	0	0	0	0	0	0	0	0
benchmarks/spec2006/400.perlbench.bc:liveness:Perl_gv_fetchfile	benchmarks/spec2006/400.perlbench.bc	Perl_gv_fetchfile	liveness	adt-delayed	adt-delayed	star-risk	star-risk	ok	none	1	4947	370972	17	93	23	0	0	0	0	0	0	0	0	0
benchmarks/spec2006/400.perlbench.bc:liveness:Perl_gv_fetchmeth_autoload	benchmarks/spec2006/400.perlbench.bc	Perl_gv_fetchmeth_autoload	liveness	adt-delayed	adt-delayed	star-risk	star-risk	ok	none	1	4533	370972	18	67	26	0	0	0	0	0	0	0	0	0
benchmarks/spec2006/400.perlbench.bc:liveness:Perl_gv_stashpv	benchmarks/spec2006/400.perlbench.bc	Perl_gv_stashpv	liveness	adt-delayed	adt-delayed	star-risk	star-risk	ok	none	1	130	370972	1	6	0	0	0	0	0	0	0	0	0	0
benchmarks/spec2006/400.perlbench.bc:liveness:Perl_gv_fullname4	benchmarks/spec2006/400.perlbench.bc	Perl_gv_fullname4	liveness	adt-delayed	adt-delayed	star-risk	star-risk	ok	none	1	2830	370972	14	63	19	0	0	0	0	0	0	0	0	0
benchmarks/spec2006/400.perlbench.bc:liveness:Perl_gv_fullname3	benchmarks/spec2006/400.perlbench.bc	Perl_gv_fullname3	liveness	adt-delayed	adt-delayed	star-risk	star-risk	ok	none	1	105	370972	1	5	0	0	0	0	0	0	0	0	0	0
benchmarks/spec2006/400.perlbench.bc:liveness:Perl_gv_efullname4	benchmarks/spec2006/400.perlbench.bc	Perl_gv_efullname4	liveness	adt-delayed	adt-delayed	star-risk	star-risk	ok	none	1	511	370972	3	19	3	0	0	0	0	0	0	0	0	0
benchmarks/spec2006/400.perlbench.bc:liveness:Perl_gv_efullname3	benchmarks/spec2006/400.perlbench.bc	Perl_gv_efullname3	liveness	adt-delayed	adt-delayed	star-risk	star-risk	ok	none	1	91	370972	1	5	0	0	0	0	0	0	0	0	0	0
benchmarks/spec2006/400.perlbench.bc:liveness:Perl_gv_fullname	benchmarks/spec2006/400.perlbench.bc	Perl_gv_fullname	liveness	adt-delayed	adt-delayed	star-risk	star-risk	ok	none	1	141	370972	1	8	0	0	0	0	0	0	0	0	0	0
benchmarks/spec2006/400.perlbench.bc:liveness:Perl_gv_efullname	benchmarks/spec2006/400.perlbench.bc	Perl_gv_efullname	liveness	adt-delayed	adt-delayed	star-risk	star-risk	ok	none	1	138	370972	1	8	0	0	0	0	0	0	0	0	0	0
benchmarks/spec2006/400.perlbench.bc:liveness:Perl_gv_check	benchmarks/spec2006/400.perlbench.bc	Perl_gv_check	liveness	adt-delayed	adt-delayed	star-risk	star-risk	ok	none	1	280508	370972	33	180	51	0	0	0	0	0	0	0	270	0
benchmarks/spec2006/400.perlbench.bc:liveness:Perl_newGVgen	benchmarks/spec2006/400.perlbench.bc	Perl_newGVgen	liveness	adt-delayed	adt-delayed	star-risk	star-risk	ok	none	1	189	370972	1	8	0	0	0	0	0	0	0	0	0	0
benchmarks/spec2006/400.perlbench.bc:liveness:Perl_gp_free	benchmarks/spec2006/400.perlbench.bc	Perl_gp_free	liveness	adt-delayed	adt-delayed	star-risk	star-risk	ok	none	1	11297	370972	33	158	50	0	0	0	0	0	0	0	0	0
benchmarks/spec2006/400.perlbench.bc:liveness:Perl_magic_freeovrld	benchmarks/spec2006/400.perlbench.bc	Perl_magic_freeovrld	liveness	adt-delayed	adt-delayed	star-risk	star-risk	ok	none	1	1437	370972	10	39	13	0	0	0	0	0	0	0	44	0
benchmarks/spec2006/400.perlbench.bc:liveness:Perl_Gv_AMupdate	benchmarks/spec2006/400.perlbench.bc	Perl_Gv_AMupdate	liveness	adt-delayed	adt-delayed	star-risk	star-risk	ok	none	1	36765	370972	70	399	107	0	0	0	0	0	0	0	170	0
benchmarks/spec2006/400.perlbench.bc:liveness:Perl_gv_handler	benchmarks/spec2006/400.perlbench.bc	Perl_gv_handler	liveness	adt-delayed	adt-delayed	star-risk	star-risk	ok	none	1	8289	370972	19	84	28	0	0	0	0	0	0	0	244	0
benchmarks/spec2006/400.perlbench.bc:liveness:Perl_amagic_call	benchmarks/spec2006/400.perlbench.bc	Perl_amagic_call	liveness	adt-delayed	adt-delayed	star-risk	star-risk	ok	none	1	24519	370972	247	1447	409	0	0	0	0	0	0	0	0	0
benchmarks/spec2006/400.perlbench.bc:liveness:Perl_is_gv_magical	benchmarks/spec2006/400.perlbench.bc	Perl_is_gv_magical	liveness	adt-delayed	adt-delayed	star-risk	star-risk	fallback-to-state	adt-rejected	0	7749	370972	45	101	127	0	0	0	0	0	0	0	28	0
benchmarks/spec2006/400.perlbench.bc:liveness:Perl_free_tied_hv_pool	benchmarks/spec2006/400.perlbench.bc	Perl_free_tied_hv_pool	liveness	adt-delayed	adt-delayed	star-risk	star-risk	ok	none	1	665	370972	4	19	4	0	0	0	0	0	0	0	28	0
benchmarks/spec2006/400.perlbench.bc:liveness:S_del_he	benchmarks/spec2006/400.perlbench.bc	S_del_he	liveness	adt-delayed	adt-delayed	star-risk	star-risk	ok	none	1	111	370972	1	6	0	0	0	0	0	0	0	0	0	0
benchmarks/spec2006/400.perlbench.bc:liveness:Perl_hv_store	benchmarks/spec2006/400.perlbench.bc	Perl_hv_store	liveness	adt-delayed	adt-delayed	star-risk	star-risk	ok	none	1	743	370972	7	29	8	0	0	0	0	0	0	0	0	0
benchmarks/spec2006/401.bzip2.bc:liveness:ran	benchmarks/spec2006/401.bzip2.bc	ran	liveness	adt-delayed	adt-delayed	original	original	ok	none	1	590	370972	4	22	4	0	0	0	0	0	0	0	0	0
benchmarks/spec2006/401.bzip2.bc:liveness:spec_init	benchmarks/spec2006/401.bzip2.bc	spec_init	liveness	adt-delayed	adt-delayed	original	original	ok	none	1	1439	370972	13	62	15	0	0	0	0	0	0	0	30	0
benchmarks/spec2006/401.bzip2.bc:liveness:spec_random_load	benchmarks/spec2006/401.bzip2.bc	spec_random_load	liveness	adt-delayed	adt-delayed	original	original	ok	none	1	2344	370972	19	79	24	0	0	0	0	0	0	0	50	0
benchmarks/spec2006/401.bzip2.bc:liveness:spec_load	benchmarks/spec2006/401.bzip2.bc	spec_load	liveness	adt-delayed	adt-delayed	original	original	fallback-to-state	adt-rejected	0	32620	370972	18	116	22	0	0	0	0	0	0	0	422	0
benchmarks/spec2006/401.bzip2.bc:liveness:spec_read	benchmarks/spec2006/401.bzip2.bc	spec_read	liveness	adt-delayed	adt-delayed	original	original	ok	none	1	3020	370972	15	83	19	0	0	0	0	0	0	0	0	0
benchmarks/spec2006/401.bzip2.bc:liveness:spec_fread	benchmarks/spec2006/401.bzip2.bc	spec_fread	liveness	adt-delayed	adt-delayed	original	original	ok	none	1	3485	370972	15	88	19	0	0	0	0	0	0	0	0	0
benchmarks/spec2006/401.bzip2.bc:liveness:spec_getc	benchmarks/spec2006/401.bzip2.bc	spec_getc	liveness	adt-delayed	adt-delayed	original	original	ok	none	1	1459	370972	12	52	15	0	0	0	0	0	0	0	0	0
benchmarks/spec2006/401.bzip2.bc:liveness:spec_ungetc	benchmarks/spec2006/401.bzip2.bc	spec_ungetc	liveness	adt-delayed	adt-delayed	original	original	ok	none	1	1399	370972	11	56	12	0	0	0	0	0	0	0	0	0
benchmarks/spec2006/401.bzip2.bc:liveness:spec_rewind	benchmarks/spec2006/401.bzip2.bc	spec_rewind	liveness	adt-delayed	adt-delayed	original	original	ok	none	1	109	370972	1	6	0	0	0	0	0	0	0	0	0	0
benchmarks/spec2006/401.bzip2.bc:liveness:spec_reset	benchmarks/spec2006/401.bzip2.bc	spec_reset	liveness	adt-delayed	adt-delayed	original	original	ok	none	1	414	370972	1	20	0	0	0	0	0	0	0	0	0	0
benchmarks/spec2006/401.bzip2.bc:liveness:spec_write	benchmarks/spec2006/401.bzip2.bc	spec_write	liveness	adt-delayed	adt-delayed	original	original	ok	none	1	1307	370972	7	44	8	0	0	0	0	0	0	0	0	0
benchmarks/spec2006/401.bzip2.bc:liveness:spec_fwrite	benchmarks/spec2006/401.bzip2.bc	spec_fwrite	liveness	adt-delayed	adt-delayed	original	original	ok	none	1	1560	370972	7	48	8	0	0	0	0	0	0	0	0	0
benchmarks/spec2006/401.bzip2.bc:liveness:spec_putc	benchmarks/spec2006/401.bzip2.bc	spec_putc	liveness	adt-delayed	adt-delayed	original	original	ok	none	1	881	370972	5	35	5	0	0	0	0	0	0	0	0	0
benchmarks/spec2006/401.bzip2.bc:liveness:main	benchmarks/spec2006/401.bzip2.bc	main	liveness	adt-delayed	adt-delayed	original	original	ok	none	1	3697	370972	38	162	50	0	0	0	0	0	0	0	44	0
benchmarks/spec2006/401.bzip2.bc:liveness:debug_time	benchmarks/spec2006/401.bzip2.bc	debug_time	liveness	adt-delayed	adt-delayed	original	original	ok	none	1	33	370972	1	1	0	0	0	0	0	0	0	0	0	0
benchmarks/spec2006/401.bzip2.bc:liveness:spec_initbufs	benchmarks/spec2006/401.bzip2.bc	spec_initbufs	liveness	adt-delayed	adt-delayed	original	original	ok	none	1	100	370972	1	5	0	0	0	0	0	0	0	0	0	0
benchmarks/spec2006/401.bzip2.bc:liveness:spec_compress	benchmarks/spec2006/401.bzip2.bc	spec_compress	liveness	adt-delayed	adt-delayed	original	original	ok	none	1	112	370972	1	6	0	0	0	0	0	0	0	0	0	0
benchmarks/spec2006/401.bzip2.bc:liveness:spec_uncompress	benchmarks/spec2006/401.bzip2.bc	spec_uncompress	liveness	adt-delayed	adt-delayed	original	original	ok	none	1	102	370972	1	6	0	0	0	0	0	0	0	0	0	0
benchmarks/spec2006/401.bzip2.bc:liveness:BZ2_blockSort	benchmarks/spec2006/401.bzip2.bc	BZ2_blockSort	liveness	adt-delayed	adt-delayed	original	original	fallback-to-state	adt-rejected	0	243182	370972	27	123	37	0	0	0	0	0	0	0	226	0
benchmarks/spec2006/401.bzip2.bc:liveness:ran	benchmarks/spec2006/401.bzip2.bc	ran	liveness	adt-delayed	adt-delayed	min-pred-succ	min-pred-succ	ok	none	1	582	370972	4	22	4	0	0	0	0	0	0	0	0	0
benchmarks/spec2006/401.bzip2.bc:liveness:spec_init	benchmarks/spec2006/401.bzip2.bc	spec_init	liveness	adt-delayed	adt-delayed	min-pred-succ	min-pred-succ	ok	none	1	1701	370972	13	62	15	0	0	0	0	0	0	0	30	0
benchmarks/spec2006/401.bzip2.bc:liveness:spec_random_load	benchmarks/spec2006/401.bzip2.bc	spec_random_load	liveness	adt-delayed	adt-delayed	min-pred-succ	min-pred-succ	ok	none	1	2337	370972	19	79	24	0	0	0	0	0	0	0	50	0
benchmarks/spec2006/401.bzip2.bc:liveness:spec_load	benchmarks/spec2006/401.bzip2.bc	spec_load	liveness	adt-delayed	adt-delayed	min-pred-succ	min-pred-succ	fallback-to-state	adt-rejected	0	37752	370972	18	116	22	0	0	0	0	0	0	0	404	0
benchmarks/spec2006/401.bzip2.bc:liveness:spec_read	benchmarks/spec2006/401.bzip2.bc	spec_read	liveness	adt-delayed	adt-delayed	min-pred-succ	min-pred-succ	ok	none	1	3268	370972	15	83	19	0	0	0	0	0	0	0	0	0
benchmarks/spec2006/401.bzip2.bc:liveness:spec_fread	benchmarks/spec2006/401.bzip2.bc	spec_fread	liveness	adt-delayed	adt-delayed	min-pred-succ	min-pred-succ	ok	none	1	3540	370972	15	88	19	0	0	0	0	0	0	0	0	0
benchmarks/spec2006/401.bzip2.bc:liveness:spec_getc	benchmarks/spec2006/401.bzip2.bc	spec_getc	liveness	adt-delayed	adt-delayed	min-pred-succ	min-pred-succ	ok	none	1	1541	370972	12	52	15	0	0	0	0	0	0	0	0	0
benchmarks/spec2006/401.bzip2.bc:liveness:spec_ungetc	benchmarks/spec2006/401.bzip2.bc	spec_ungetc	liveness	adt-delayed	adt-delayed	min-pred-succ	min-pred-succ	ok	none	1	1419	370972	11	56	12	0	0	0	0	0	0	0	0	0
benchmarks/spec2006/401.bzip2.bc:liveness:spec_rewind	benchmarks/spec2006/401.bzip2.bc	spec_rewind	liveness	adt-delayed	adt-delayed	min-pred-succ	min-pred-succ	ok	none	1	108	370972	1	6	0	0	0	0	0	0	0	0	0	0
benchmarks/spec2006/401.bzip2.bc:liveness:spec_reset	benchmarks/spec2006/401.bzip2.bc	spec_reset	liveness	adt-delayed	adt-delayed	min-pred-succ	min-pred-succ	ok	none	1	436	370972	1	20	0	0	0	0	0	0	0	0	0	0
benchmarks/spec2006/401.bzip2.bc:liveness:spec_write	benchmarks/spec2006/401.bzip2.bc	spec_write	liveness	adt-delayed	adt-delayed	min-pred-succ	min-pred-succ	ok	none	1	1345	370972	7	44	8	0	0	0	0	0	0	0	0	0
benchmarks/spec2006/401.bzip2.bc:liveness:spec_fwrite	benchmarks/spec2006/401.bzip2.bc	spec_fwrite	liveness	adt-delayed	adt-delayed	min-pred-succ	min-pred-succ	ok	none	1	1577	370972	7	48	8	0	0	0	0	0	0	0	0	0
benchmarks/spec2006/401.bzip2.bc:liveness:spec_putc	benchmarks/spec2006/401.bzip2.bc	spec_putc	liveness	adt-delayed	adt-delayed	min-pred-succ	min-pred-succ	ok	none	1	932	370972	5	35	5	0	0	0	0	0	0	0	0	0
benchmarks/spec2006/401.bzip2.bc:liveness:main	benchmarks/spec2006/401.bzip2.bc	main	liveness	adt-delayed	adt-delayed	min-pred-succ	min-pred-succ	ok	none	1	3766	370972	38	162	50	0	0	0	0	0	0	0	44	0
benchmarks/spec2006/401.bzip2.bc:liveness:debug_time	benchmarks/spec2006/401.bzip2.bc	debug_time	liveness	adt-delayed	adt-delayed	min-pred-succ	min-pred-succ	ok	none	1	34	370972	1	1	0	0	0	0	0	0	0	0	0	0
benchmarks/spec2006/401.bzip2.bc:liveness:spec_initbufs	benchmarks/spec2006/401.bzip2.bc	spec_initbufs	liveness	adt-delayed	adt-delayed	min-pred-succ	min-pred-succ	ok	none	1	89	370972	1	5	0	0	0	0	0	0	0	0	0	0
benchmarks/spec2006/401.bzip2.bc:liveness:spec_compress	benchmarks/spec2006/401.bzip2.bc	spec_compress	liveness	adt-delayed	adt-delayed	min-pred-succ	min-pred-succ	ok	none	1	108	370972	1	6	0	0	0	0	0	0	0	0	0	0
benchmarks/spec2006/401.bzip2.bc:liveness:spec_uncompress	benchmarks/spec2006/401.bzip2.bc	spec_uncompress	liveness	adt-delayed	adt-delayed	min-pred-succ	min-pred-succ	ok	none	1	103	370972	1	6	0	0	0	0	0	0	0	0	0	0
benchmarks/spec2006/401.bzip2.bc:liveness:BZ2_blockSort	benchmarks/spec2006/401.bzip2.bc	BZ2_blockSort	liveness	adt-delayed	adt-delayed	min-pred-succ	min-pred-succ	fallback-to-state	adt-rejected	0	155519	370972	27	123	37	0	0	0	0	0	0	0	113	0
benchmarks/spec2006/401.bzip2.bc:liveness:fallbackSort	benchmarks/spec2006/401.bzip2.bc	fallbackSort	liveness	adt-delayed	adt-delayed	min-pred-succ	min-pred-succ	fallback-to-state	adt-rejected	0	11218903	370972	103	477	137	0	0	0	0	0	0	0	196656	0
benchmarks/spec2006/401.bzip2.bc:liveness:mainSort	benchmarks/spec2006/401.bzip2.bc	mainSort	liveness	adt-delayed	adt-delayed	min-pred-succ	min-pred-succ	fallback-to-state	adt-rejected	0	47138437	370972	116	772	155	0	0	0	0	0	0	0	479968	0
benchmarks/spec2006/401.bzip2.bc:liveness:mainQSort3	benchmarks/spec2006/401.bzip2.bc	mainQSort3	liveness	adt-delayed	adt-delayed	min-pred-succ	min-pred-succ	fallback-to-state	adt-rejected	0	10633154	370972	51	518	70	0	0	0	0	0	0	0	54203	0
benchmarks/spec2006/401.bzip2.bc:liveness:mainSimpleSort	benchmarks/spec2006/401.bzip2.bc	mainSimpleSort	liveness	adt-delayed	adt-delayed	min-pred-succ	min-pred-succ	fallback-to-state	adt-rejected	0	631582	370972	35	178	47	0	0	0	0	0	0	0	8609	0
benchmarks/spec2006/401.bzip2.bc:liveness:mmed3	benchmarks/spec2006/401.bzip2.bc	mmed3	liveness	adt-delayed	adt-delayed	min-pred-succ	min-pred-succ	ok	none	1	1262	370972	7	32	9	0	0	0	0	0	0	0	0	0
benchmarks/spec2006/401.bzip2.bc:liveness:mainGtU	benchmarks/spec2006/401.bzip2.bc	mainGtU	liveness	adt-delayed	adt-delayed	min-pred-succ	min-pred-succ	fallback-to-state	adt-rejected	0	7101131	370972	65	624	95	0	0	0	0	0	0	0	906	0
benchmarks/spec2006/401.bzip2.bc:liveness:fallbackQSort3	benchmarks/spec2006/401.bzip2.bc	fallbackQSort3	liveness	adt-delayed	adt-delayed	min-pred-succ	min-pred-succ	fallback-to-state	adt-rejected	0	5202979	370972	51	343	68	0	0	0	0	0	0	0	35694	0
benchmarks/spec2006/401.bzip2.bc:liveness:fallbackSimpleSort	benchmarks/spec2006/401.bzip2.bc	fallbackSimpleSort	liveness	adt-delayed	adt-delayed	min-pred-succ	min-pred-succ	ok	none	1	3766	370972	25	114	32	0	0	0	0	0	0	0	50	0
benchmarks/spec2006/401.bzip2.bc:liveness:compressStream	benchmarks/spec2006/401.bzip2.bc	compressStream	liveness	adt-delayed	adt-delayed	min-pred-succ	min-pred-succ	fallback-to-state	adt-rejected	0	59171	370972	37	136	52	0	0	0	0	0	0	0	51	0
benchmarks/spec2006/401.bzip2.bc:liveness:myfeof	benchmarks/spec2006/401.bzip2.bc	myfeof	liveness	adt-delayed	adt-delayed	min-pred-succ	min-pred-succ	ok	none	1	266	370972	4	11	4	0	0	0	0	0	0	0	0	0
benchmarks/spec2006/401.bzip2.bc:liveness:uInt64_from_UInt32s	benchmarks/spec2006/401.bzip2.bc	uInt64_from_UInt32s	liveness	adt-delayed	adt-delayed	min-pred-succ	min-pred-succ	ok	none	1	1706	370972	1	50	0	0	0	0	0	0	0	0	0	0
benchmarks/spec2006/401.bzip2.bc:liveness:uInt64_to_double	benchmarks/spec2006/401.bzip2.bc	uInt64_to_double	liveness	adt-delayed	adt-delayed	min-pred-succ	min-pred-succ	ok	none	1	1278	370972	5	28	5	0	0	0	0	0	0	0	44	0
benchmarks/spec2006/401.bzip2.bc:liveness:uInt64_toAscii	benchmarks/spec2006/401.bzip2.bc	uInt64_toAscii	liveness	adt-delayed	adt-delayed	min-pred-succ	min-pred-succ	ok	none	1	1180	370972	8	49	9	0	0	0	0	0	0	0	32	0
benchmarks/spec2006/401.bzip2.bc:liveness:configError	benchmarks/spec2006/401.bzip2.bc	configError	liveness	state	state	original	original	ok	none	0	0	370972	1	6	0	0	0	0	0	0	0	0	0	0
benchmarks/spec2006/401.bzip2.bc:liveness:outOfMemory	benchmarks/spec2006/401.bzip2.bc	outOfMemory	liveness	adt-delayed	adt-delayed	min-pred-succ	min-pred-succ	ok	none	1	115	370972	1	6	0	0	0	0	0	0	0	0	0	0
benchmarks/spec2006/401.bzip2.bc:liveness:ioError	benchmarks/spec2006/401.bzip2.bc	ioError	liveness	adt-delayed	adt-delayed	min-pred-succ	min-pred-succ	ok	none	1	136	370972	1	8	0	0	0	0	0	0	0	0	0	0
benchmarks/spec2006/401.bzip2.bc:liveness:panic	benchmarks/spec2006/401.bzip2.bc	panic	liveness	adt-delayed	adt-delayed	min-pred-succ	min-pred-succ	ok	none	1	126	370972	1	7	0	0	0	0	0	0	0	0	0	0
benchmarks/spec2006/401.bzip2.bc:liveness:showFileNames	benchmarks/spec2006/401.bzip2.bc	showFileNames	liveness	adt-delayed	adt-delayed	min-pred-succ	min-pred-succ	ok	none	1	130	370972	3	7	3	0	0	0	0	0	0	0	0	0
benchmarks/spec2006/401.bzip2.bc:liveness:cleanUpAndFail	benchmarks/spec2006/401.bzip2.bc	cleanUpAndFail	liveness	state	state	original	original	ok	none	0	0	370972	1	6	0	0	0	0	0	0	0	0	0	0
benchmarks/spec2006/401.bzip2.bc:liveness:setExit	benchmarks/spec2006/401.bzip2.bc	setExit	liveness	adt-delayed	adt-delayed	min-pred-succ	min-pred-succ	ok	none	1	53	370972	1	3	0	0	0	0	0	0	0	0	0	0
benchmarks/spec2006/401.bzip2.bc:liveness:uInt64_qrm10	benchmarks/spec2006/401.bzip2.bc	uInt64_qrm10	liveness	adt-delayed	adt-delayed	min-pred-succ	min-pred-succ	ok	none	1	1553	370972	5	31	5	0	0	0	0	0	0	0	52	0
benchmarks/spec2006/401.bzip2.bc:liveness:uInt64_isZero	benchmarks/spec2006/401.bzip2.bc	uInt64_isZero	liveness	adt-delayed	adt-delayed	min-pred-succ	min-pred-succ	fallback-to-state	adt-rejected	0	1237	370972	8	22	9	0	0	0	0	0	0	0	18	0
benchmarks/spec2006/401.bzip2.bc:liveness:uncompressStream	benchmarks/spec2006/401.bzip2.bc	uncompressStream	liveness	adt-delayed	adt-delayed	min-pred-succ	min-pred-succ	fallback-to-state	adt-rejected	0	206320	370972	67	190	97	0	0	0	0	0	0	0	1022	0
benchmarks/spec2006/401.bzip2.bc:liveness:crcError	benchmarks/spec2006/401.bzip2.bc	crcError	liveness	adt-delayed	adt-delayed	min-pred-succ	min-pred-succ	ok	none	1	178	370972	1	7	0	0	0	0	0	0	0	0	0	0
benchmarks/spec2006/401.bzip2.bc:liveness:compressedStreamEOF	benchmarks/spec2006/401.bzip2.bc	compressedStreamEOF	liveness	adt-delayed	adt-delayed	min-pred-succ	min-pred-succ	ok	none	1	268	370972	3	13	3	0	0	0	0	0	0	0	0	0
benchmarks/spec2006/401.bzip2.bc:liveness:cadvise	benchmarks/spec2006/401.bzip2.bc	cadvise	liveness	adt-delayed	adt-delayed	min-pred-succ	min-pred-succ	ok	none	1	132	370972	3	7	3	0	0	0	0	0	0	0	0	0
benchmarks/spec2006/401.bzip2.bc:liveness:BZ2_bz__AssertH__fail	benchmarks/spec2006/401.bzip2.bc	BZ2_bz__AssertH__fail	liveness	state	state	original	original	ok	none	0	0	370972	3	11	3	0	0	0	0	0	0	0	0	0
benchmarks/spec2006/401.bzip2.bc:liveness:BZ2_bzlibVersion	benchmarks/spec2006/401.bzip2.bc	BZ2_bzlibVersion	liveness	adt-delayed	adt-delayed	min-pred-succ	min-pred-succ	ok	none	1	20	370972	1	1	0	0	0	0	0	0	0	0	0	0
benchmarks/spec2006/401.bzip2.bc:liveness:BZ2_bzCompressInit	benchmarks/spec2006/401.bzip2.bc	BZ2_bzCompressInit	liveness	adt-delayed	adt-delayed	min-pred-succ	min-pred-succ	ok	none	1	15262	370972	30	201	46	0	0	0	0	0	0	0	0	0
benchmarks/spec2006/401.bzip2.bc:liveness:bz_config_ok	benchmarks/spec2006/401.bzip2.bc	bz_config_ok	liveness	adt-delayed	adt-delayed	min-pred-succ	min-pred-succ	ok	none	1	37	370972	1	1	0	0	0	0	0	0	0	0	0	0
benchmarks/spec2006/401.bzip2.bc:liveness:default_bzalloc	benchmarks/spec2006/401.bzip2.bc	default_bzalloc	liveness	adt-delayed	adt-delayed	min-pred-succ	min-pred-succ	ok	none	1	143	370972	1	8	0	0	0	0	0	0	0	0	0	0
benchmarks/spec2006/401.bzip2.bc:liveness:default_bzfree	benchmarks/spec2006/401.bzip2.bc	default_bzfree	liveness	adt-delayed	adt-delayed	min-pred-succ	min-pred-succ	ok	none	1	132	370972	3	7	3	0	0	0	0	0	0	0	0	0
benchmarks/spec2006/401.bzip2.bc:liveness:init_RL	benchmarks/spec2006/401.bzip2.bc	init_RL	liveness	adt-delayed	adt-delayed	min-pred-succ	min-pred-succ	ok	none	1	98	370972	1	6	0	0	0	0	0	0	0	0	0	0
benchmarks/spec2006/401.bzip2.bc:liveness:prepare_new_block	benchmarks/spec2006/401.bzip2.bc	prepare_new_block	liveness	adt-delayed	adt-delayed	min-pred-succ	min-pred-succ	ok	none	1	706	370972	5	28	5	0	0	0	0	0	0	0	24	0
benchmarks/spec2006/401.bzip2.bc:liveness:BZ2_bzCompress	benchmarks/spec2006/401.bzip2.bc	BZ2_bzCompress	liveness	adt-delayed	adt-delayed	min-pred-succ	min-pred-succ	fallback-to-state	adt-rejected	0	32019	370972	38	119	58	0	0	0	0	0	0	0	39	0
benchmarks/spec2006/401.bzip2.bc:liveness:handle_compress	benchmarks/spec2006/401.bzip2.bc	handle_compress	liveness	adt-delayed	adt-delayed	min-pred-succ	min-pred-succ	fallback-to-state	adt-rejected	0	158953	370972	28	126	41	0	0	0	0	0	0	0	1326	0
benchmarks/spec2006/401.bzip2.bc:liveness:isempty_RL	benchmarks/spec2006/401.bzip2.bc	isempty_RL	liveness	adt-delayed	adt-delayed	min-pred-succ	min-pred-succ	ok	none	1	329	370972	5	13	6	0	0	0	0	0	0	0	0	0
benchmarks/spec2006/401.bzip2.bc:liveness:copy_output_until_stop	benchmarks/spec2006/401.bzip2.bc	copy_output_until_stop	liveness	adt-delayed	adt-delayed	min-pred-succ	min-pred-succ	fallback-to-state	adt-rejected	0	11965	370972	9	69	11	0	0	0	0	0	0	0	66	0
benchmarks/spec2006/401.bzip2.bc:liveness:copy_input_until_stop	benchmarks/spec2006/401.bzip2.bc	copy_input_until_stop	liveness	adt-delayed	adt-delayed	min-pred-succ	min-pred-succ	fallback-to-state	adt-rejected	0	510869	370972	42	276	59	0	0	0	0	0	0	0	2256	0
benchmarks/spec2006/401.bzip2.bc:liveness:flush_RL	benchmarks/spec2006/401.bzip2.bc	flush_RL	liveness	adt-delayed	adt-delayed	min-pred-succ	min-pred-succ	ok	none	1	260	370972	3	9	3	0	0	0	0	0	0	0	0	0
benchmarks/spec2006/401.bzip2.bc:liveness:add_pair_to_block	benchmarks/spec2006/401.bzip2.bc	add_pair_to_block	liveness	adt-delayed	adt-delayed	min-pred-succ	min-pred-succ	ok	none	1	7465	370972	10	177	13	0	0	0	0	0	0	0	48	0
benchmarks/spec2006/401.bzip2.bc:liveness:BZ2_bzCompressEnd	benchmarks/spec2006/401.bzip2.bc	BZ2_bzCompressEnd	liveness	adt-delayed	adt-delayed	min-pred-succ	min-pred-succ	ok	none	1	3282	370972	14	67	19	0	0	0	0	0	0	0	0	0
benchmarks/spec2006/401.bzip2.bc:liveness:BZ2_bzDecompressInit	benchmarks/spec2006/401.bzip2.bc	BZ2_bzDecompressInit	liveness	adt-delayed	adt-delayed	min-pred-succ	min-pred-succ	ok	none	1	4832	370972	18	81	26	0	0	0	0	0	0	0	0	0
benchmarks/spec2006/401.bzip2.bc:liveness:BZ2_indexIntoF	benchmarks/spec2006/401.bzip2.bc	BZ2_indexIntoF	liveness	adt-delayed	adt-delayed	min-pred-succ	min-pred-succ	ok	none	1	1611	370972	7	30	8	0	0	0	0	0	0	0	54	0
benchmarks/spec2006/401.bzip2.bc:liveness:BZ2_bzDecompress	benchmarks/spec2006/401.bzip2.bc	BZ2_bzDecompress	liveness	adt-delayed	adt-delayed	min-pred-succ	min-pred-succ	fallback-to-state	adt-rejected	0	73693	370972	38	138	54	0	0	0	0	0	0	0	109	0
benchmarks/spec2006/401.bzip2.bc:liveness:unRLE_obuf_to_output_SMALL	benchmarks/spec2006/401.bzip2.bc	unRLE_obuf_to_output_SMALL	liveness	adt-delayed	adt-delayed	min-pred-succ	min-pred-succ	fallback-to-state	adt-rejected	0	8405949	370972	74	879	106	0	0	0	0	0	0	0	876	0
benchmarks/spec2006/401.bzip2.bc:liveness:unRLE_obuf_to_output_FAST	benchmarks/spec2006/401.bzip2.bc	unRLE_obuf_to_output_FAST	liveness	adt-delayed	adt-delayed	min-pred-succ	min-pred-succ	fallback-to-state	adt-rejected	0	6171537	370972	81	755	115	0	0	0	0	0	0	0	3448	0
benchmarks/spec2006/401.bzip2.bc:liveness:BZ2_bzDecompressEnd	benchmarks/spec2006/401.bzip2.bc	BZ2_bzDecompressEnd	liveness	adt-delayed	adt-delayed	min-pred-succ	min-pred-succ	ok	none	1	3424	370972	14	66	19	0	0	0	0	0	0	0	0	0
benchmarks/spec2006/401.bzip2.bc:liveness:BZ2_bzWriteOpen	benchmarks/spec2006/401.bzip2.bc	BZ2_bzWriteOpen	liveness	adt-delayed	adt-delayed	min-pred-succ	min-pred-succ	ok	none	1	6033	370972	36	112	55	0	0	0	0	0	0	0	0	0
benchmarks/spec2006/401.bzip2.bc:liveness:BZ2_bzWrite	benchmarks/spec2006/401.bzip2.bc	BZ2_bzWrite	liveness	adt-delayed	adt-delayed	min-pred-succ	min-pred-succ	fallback-to-state	adt-rejected	0	48808	370972	47	133	69	0	0	0	0	0	0	0	72	0
benchmarks/spec2006/401.bzip2.bc:liveness:BZ2_bzWriteClose	benchmarks/spec2006/401.bzip2.bc	BZ2_bzWriteClose	liveness	adt-delayed	adt-delayed	min-pred-succ	min-pred-succ	ok	none	1	167	370972	1	7	0	0	0	0	0	0	0	0	0	0
benchmarks/spec2006/401.bzip2.bc:liveness:BZ2_bzWriteClose64	benchmarks/spec2006/401.bzip2.bc	BZ2_bzWriteClose64	liveness	adt-delayed	adt-delayed	min-pred-succ	min-pred-succ	fallback-to-state	adt-rejected	0	170317	370972	58	163	85	0	0	0	0	0	0	0	75	0
benchmarks/spec2006/401.bzip2.bc:liveness:BZ2_bzReadOpen	benchmarks/spec2006/401.bzip2.bc	BZ2_bzReadOpen	liveness	adt-delayed	adt-delayed	min-pred-succ	min-pred-succ	ok	none	1	3584	370972	40	143	62	0	0	0	0	0	0	0	44	0
benchmarks/spec2006/401.bzip2.bc:liveness:BZ2_bzReadClose	benchmarks/spec2006/401.bzip2.bc	BZ2_bzReadClose	liveness	adt-delayed	adt-delayed	min-pred-succ	min-pred-succ	ok	none	1	1227	370972	20	50	28	0	0	0	0	0	0	0	0	0
benchmarks/spec2006/401.bzip2.bc:liveness:BZ2_bzRead	benchmarks/spec2006/401.bzip2.bc	BZ2_bzRead	liveness	adt-delayed	adt-delayed	min-pred-succ	min-pred-succ	fallback-to-state	adt-rejected	0	111037	370972	58	172	88	0	0	0	0	0	0	0	96	0
benchmarks/spec2006/401.bzip2.bc:liveness:myfeof.93	benchmarks/spec2006/401.bzip2.bc	myfeof.93	liveness	adt-delayed	adt-delayed	min-pred-succ	min-pred-succ	ok	none	1	258	370972	4	11	4	0	0	0	0	0	0	0	0	0
benchmarks/spec2006/401.bzip2.bc:liveness:BZ2_bzReadGetUnused	benchmarks/spec2006/401.bzip2.bc	BZ2_bzReadGetUnused	liveness	adt-delayed	adt-delayed	min-pred-succ	min-pred-succ	ok	none	1	1761	370972	25	65	36	0	0	0	0	0	0	0	0	0
benchmarks/spec2006/401.bzip2.bc:liveness:BZ2_bzBuffToBuffCompress	benchmarks/spec2006/401.bzip2.bc	BZ2_bzBuffToBuffCompress	liveness	adt-delayed	adt-delayed	min-pred-succ	min-pred-succ	ok	none	1	3967	370972	22	77	34	0	0	0	0	0	0	0	0	0
benchmarks/spec2006/401.bzip2.bc:liveness:BZ2_bzBuffToBuffDecompress	benchmarks/spec2006/401.bzip2.bc	BZ2_bzBuffToBuffDecompress	liveness	adt-delayed	adt-delayed	min-pred-succ	min-pred-succ	ok	none	1	3042	370972	20	72	30	0	0	0	0	0	0	0	0	0
benchmarks/spec2006/401.bzip2.bc:liveness:BZ2_bzopen	benchmarks/spec2006/401.bzip2.bc	BZ2_bzopen	liveness	adt-delayed	adt-delayed	min-pred-succ	min-pred-succ	ok	none	1	86	370972	1	4	0	0	0	0	0	0	0	0	0	0
benchmarks/spec2006/401.bzip2.bc:liveness:bzopen_or_bzdopen	benchmarks/spec2006/401.bzip2.bc	bzopen_or_bzdopen	liveness	adt-delayed	adt-delayed	min-pred-succ	min-pred-succ	ok	none	1	9149	370972	35	137	50	0	0	0	0	0	0	0	84	0
benchmarks/spec2006/401.bzip2.bc:liveness:BZ2_bzdopen	benchmarks/spec2006/401.bzip2.bc	BZ2_bzdopen	liveness	adt-delayed	adt-delayed	min-pred-succ	min-pred-succ	ok	none	1	93	370972	1	4	0	0	0	0	0	0	0	0	0	0
benchmarks/spec2006/401.bzip2.bc:liveness:BZ2_bzread	benchmarks/spec2006/401.bzip2.bc	BZ2_bzread	liveness	adt-delayed	adt-delayed	min-pred-succ	min-pred-succ	ok	none	1	671	370972	7	23	9	0	0	0	0	0	0	0	0	0
benchmarks/spec2006/401.bzip2.bc:liveness:BZ2_bzwrite	benchmarks/spec2006/401.bzip2.bc	BZ2_bzwrite	liveness	adt-delayed	adt-delayed	min-pred-succ	min-pred-succ	ok	none	1	274	370972	4	13	4	0	0	0	0	0	0	0	0	0
benchmarks/spec2006/401.bzip2.bc:liveness:BZ2_bzflush	benchmarks/spec2006/401.bzip2.bc	BZ2_bzflush	liveness	adt-delayed	adt-delayed	min-pred-succ	min-pred-succ	ok	none	1	39	370972	1	2	0	0	0	0	0	0	0	0	0	0
benchmarks/spec2006/401.bzip2.bc:liveness:BZ2_bzclose	benchmarks/spec2006/401.bzip2.bc	BZ2_bzclose	liveness	adt-delayed	adt-delayed	min-pred-succ	min-pred-succ	ok	none	1	691	370972	11	30	15	0	0	0	0	0	0	0	0	0
benchmarks/spec2006/401.bzip2.bc:liveness:BZ2_bzerror	benchmarks/spec2006/401.bzip2.bc	BZ2_bzerror	liveness	adt-delayed	adt-delayed	min-pred-succ	min-pred-succ	ok	none	1	430	370972	3	18	3	0	0	0	0	0	0	0	0	0
benchmarks/spec2006/401.bzip2.bc:liveness:BZ2_bsInitWrite	benchmarks/spec2006/401.bzip2.bc	BZ2_bsInitWrite	liveness	adt-delayed	adt-delayed	min-pred-succ	min-pred-succ	ok	none	1	106	370972	1	6	0	0	0	0	0	0	0	0	0	0
benchmarks/spec2006/401.bzip2.bc:liveness:BZ2_compressBlock	benchmarks/spec2006/401.bzip2.bc	BZ2_compressBlock	liveness	adt-delayed	adt-delayed	min-pred-succ	min-pred-succ	ok	none	1	8198	370972	15	116	21	0	0	0	0	0	0	0	0	0
benchmarks/spec2006/401.bzip2.bc:liveness:bsPutUChar	benchmarks/spec2006/401.bzip2.bc	bsPutUChar	liveness	adt-delayed	adt-delayed	min-pred-succ	min-pred-succ	ok	none	1	102	370972	1	5	0	0	0	0	0	0	0	0	0	0
benchmarks/spec2006/401.bzip2.bc:liveness:bsPutUInt32	benchmarks/spec2006/401.bzip2.bc	bsPutUInt32	liveness	adt-delayed	adt-delayed	min-pred-succ	min-pred-succ	ok	none	1	511	370972	1	22	0	0	0	0	0	0	0	0	0	0
benchmarks/spec2006/401.bzip2.bc:liveness:bsW	benchmarks/spec2006/401.bzip2.bc	bsW	liveness	adt-delayed	adt-delayed	min-pred-succ	min-pred-succ	ok	none	1	2091	370972	4	46	4	0	0	0	0	0	0	0	28	0
benchmarks/spec2006/401.bzip2.bc:liveness:generateMTFValues	benchmarks/spec2006/401.bzip2.bc	generateMTFValues	liveness	adt-delayed	adt-delayed	min-pred-succ	min-pred-succ	ok	none	1	9419	370972	39	260	50	0	0	0	0	0	0	0	82	0
benchmarks/spec2006/401.bzip2.bc:liveness:sendMTFValues	benchmarks/spec2006/401.bzip2.bc	sendMTFValues	liveness	adt-delayed	adt-delayed	min-pred-succ	min-pred-succ	ok	none	1	78078	370972	226	3622	303	0	0	0	0	0	0	0	72	0
benchmarks/spec2006/401.bzip2.bc:liveness:bsFinishWrite	benchmarks/spec2006/401.bzip2.bc	bsFinishWrite	liveness	adt-delayed	adt-delayed	min-pred-succ	min-pred-succ	ok	none	1	1713	370972	4	31	4	0	0	0	0	0	0	0	56	0
benchmarks/spec2006/401.bzip2.bc:liveness:makeMaps_e	benchmarks/spec2006/401.bzip2.bc	makeMaps_e	liveness	adt-delayed	adt-delayed	min-pred-succ	min-pred-succ	ok	none	1	1603	370972	7	32	8	0	0	0	0	0	0	0	52	0
